Bd1	敵艦隊を撃破せよ！	艦隊を出撃させ、敵艦隊を捕捉、これを撃滅せよ！※どこでも1回勝利で達成
Bd2	敵艦隊主力を撃滅せよ！	艦隊を出撃させ、敵艦隊「主力」を捕捉！これを撃滅せよ！※戦闘(敗北でも可)を1回することで任務達成
Bd3	敵艦隊を10回邀撃せよ！	艦隊全力出撃！遊弋する敵艦隊を10回邀撃せよ！※戦闘10回で達成。全て敗北でもよい
Bd5	敵補給艦を3隻撃沈せよ！	艦隊を出撃させ、敵補給艦を捕捉、これを撃滅せよ！※輸送船と補給艦は同じ扱い(※輸送船の出現海域)
Bd7	南西諸島海域の制海権を握れ！	艦隊を南西諸島海域に全力出撃させ、多数の敵艦隊「主力」群を捕捉、撃滅せよ！※編成自由の艦隊とし・(2-1) 南西諸島近海・(2-2) バシー海峡・(2-3) 東部オリョール海・(2-4) 沖ノ島海域・(2-5) 沖ノ島沖より任意のボス戦の組み合わせで5回B勝利以上で達成※任務進捗変化50%(3/5)→80%(4/5)→達成(5/5)(※鎮守府海域の「南西諸島沖(1-2)」「南西諸島防衛線(1-4)」は含まれない)
Bd8	敵潜水艦を制圧せよ！	対潜能力の充実した艦隊で出撃、敵潜水艦狩りを実施せよ！※潜水艦6隻撃沈で達成
Bd4	敵空母を3隻撃沈せよ！	艦隊の脅威となる敵空母群。これを捕捉撃滅し、3隻轟沈せよ！※敵の(空母/軽空母)を3隻撃沈で達成
Bd6	敵輸送船団を叩け！	敵の輸送船5隻以上を撃沈し、敵の補給路を寸断せよ！※輸送船と補給艦は同じ扱い(※輸送船の出現海域)
Bw1	あ号作戦	1週間の全力出撃を行い、可能な限り多くの敵艦隊を捕捉、これを迎撃せよ！※以下の全条件を満たすことで達成*8・出撃36回・S勝利 6回・ボス到達 24回・ボス戦勝利 12回※進行度の算出方法が特殊
Bw2	い号作戦	有力な母艦航空隊で1週間の全力出撃を行い、可能な限り多くの敵空母を撃滅せよ！※敵の(空母/軽空母)を20隻撃沈で達成
Bw3	海上通商破壊作戦	1週間で敵輸送船を20隻以上撃沈せよ！※輸送船20隻撃沈で達成(※輸送船の出現海域)
Bw4	ろ号作戦	1週間の全力出撃を行い、敵輸送船団を捕捉・撃滅、敵の補給路を寸断せよ！※輸送船50隻撃沈で達成(※輸送船の出現海域)
Bw5	海上護衛戦	有力な対潜能力を持つ海上護衛隊によって、可能な限り多くの敵潜水艦を撃滅せよ！※潜水艦15隻撃沈で達成
Bw6	敵東方艦隊を撃滅せよ！	西方海域に出撃し、敵東方艦隊の主力を捕捉、これを撃滅せよ！※編成自由の艦隊とし・(4-1) ジャム島沖・(4-2) カレー洋海域・(4-3) リランカ島・(4-4) カスガダマ島・(4-5) カレー洋リランカ島沖より任意のボス戦の組み合わせで12回B勝利以上で達成※任務進捗変化50%(6/12)→80%(10/12)→達成(12/12)
Bw7	敵北方艦隊主力を撃滅せよ！	北方海域の深部に出撃し、敵北方艦隊の主力艦隊を捕捉、これを撃滅せよ！※編成自由の艦隊とし・(3-3) アルフォンシーノ方面・(3-4) 北方海域全域・(3-5) 北方AL海域より任意のボス戦の組み合わせで5回B勝利以上で達成
Bw8	敵東方中枢艦隊を撃破せよ！	西方海域カスガダマ島沖に出撃し、敵東方中枢艦隊を捕捉、これを撃破せよ！※編成自由の艦隊とし・(4-4) カスガダマ島ボス戦を1回B勝利以上で達成
Bw9	南方海域珊瑚諸島沖の制空権を握れ！	南方海域珊瑚諸島沖に出撃し、敵機動部隊本体を撃滅、これに完全勝利せよ！※編成自由の艦隊とし・(5-2) 珊瑚諸島沖ボス戦を2回S勝利で達成
Bw10	海上輸送路の安全確保に努めよ！	鎮守府正面の対潜哨戒を反復実施し、安全な海上輸送路を確保せよ！※編成自由の艦隊とし・(1-5) 鎮守府近海ボス戦を3回A勝利以上で達成
Bm1	「第五戦隊」出撃せよ！	「第五戦隊」は沖ノ島沖の戦闘哨戒を実施、敵艦隊主力を捕捉、これを撃滅せよ！※「第五戦隊」(「妙高」+「那智」+「羽黒」)3隻+自由枠3隻とし・(2-5) 沖ノ島沖ボス戦を1回S勝利で達成
Bm2	「潜水艦隊」出撃せよ！	潜水艦戦力を中核とした艦隊で中部海域哨戒線へ反復出撃、敵戦力を漸滅せよ！※編成自由の艦隊とし・(6-1) 中部海域哨戒線ボス戦を3回S勝利で達成
Bm3	「水雷戦隊」南西へ！	軽巡旗艦の水雷戦隊(軽巡最大3隻他駆逐艦)を急派、南西諸島防衛線で敵を撃滅せよ！※旗艦軽巡+軽巡0～2隻＋駆逐3～5隻からなる(軽巡/駆逐)のみの編成とし・(1-4) 南西諸島防衛線ボス戦を1回S勝利で達成
Bm4	「水上打撃部隊」南方へ！	戦艦3隻軽巡1隻他を基幹とした水上打撃部隊で南方海域へ進出、敵艦隊を撃滅せよ！※(「大和型」「長門型」「伊勢型」「扶桑型」)より3隻+軽巡1隻+自由枠2隻とし・(5-1) 南方海域前面ボス戦を1回S勝利で達成※金剛型、海外戦艦は自由枠扱いになり任務の対象外
Bm5	海上護衛強化月間	鎮守府正面海域の対潜哨戒を強化し、敵潜水艦を制圧、安全な海上輸送体制を確立せよ！※編成自由の艦隊とし・(1-5) 鎮守府近海ボス戦を10回A勝利以上で達成
Bm6	「空母機動部隊」西へ！	航空母艦2隻(随伴駆逐艦2隻)を基幹とする空母機動部隊で、カレー洋の敵艦隊を撃滅せよ！※航空母艦2隻+駆逐2隻+自由枠2隻とし・(4-2) カレー洋海域ボス戦を1回S勝利で達成
Bm7	「水上反撃部隊」突入せよ！	駆逐艦を旗艦とした重巡1隻(航巡不可)軽巡1隻駆逐艦4隻からなる水上挺身部隊、沖ノ島沖に突入せよ！※旗艦「駆逐艦」+重巡1隻+軽巡1隻+駆逐3隻とし・(2-5) 沖ノ島沖ボス戦を1回S勝利で達成
Bm8	兵站線確保！海上警備を強化実施せよ！	海上警備任務：軽空母または軽巡級1隻、駆逐艦または海防艦を計3隻以上配備した海上護衛艦隊で、南西諸島沖警備、海上護衛作戦、南1号作戦、南西諸島哨戒を実施、各作戦海域の敵を撃滅せよ！※(軽空母/軽巡級)1隻+(駆逐/海防)3隻+自由枠2隻とし・(1-2) 南西諸島沖・(1-3) 製油所地帯沿岸・(1-4) 南西諸島防衛線・(2-1) 南西諸島近海ボス戦を各1回S勝利で達成
Bq1	沖ノ島海域迎撃戦	有力な艦隊を沖ノ島海域前面に反復投入、侵攻する敵機動部隊を迎撃、これを撃滅せよ！※編成自由の艦隊とし・(2-4) 沖ノ島海域ボス戦を2回S勝利で達成
Bq2	戦果拡張任務！「Z作戦」前段作戦	戦果拡張作戦:我が第一艦隊に精鋭艦艇を集中配備、同精鋭艦隊を以て、南西諸島の沖ノ島海域、中部海域哨戒線、グアノ環礁沖の敵艦隊を撃破、中部北海域ピーコック島の敵戦力を破砕殲滅せよ！※編成自由の第一艦隊とし・(2-4) 沖ノ島海域・(6-1) 中部海域哨戒線・(6-3) グアノ環礁沖海域ボス戦を各1回A勝利以上・(6-4) 中部北海域ピーコック島沖ボス戦を1回S勝利で達成
Bq3	強行輸送艦隊、抜錨！	航路護衛任務：航空戦艦(または補給艦でも可)2隻を中核とした艦隊で、鎮守府近海航路における輸送船団護衛作戦を実施。同輸送作戦を2回成功させよ！※(航戦/補給艦)2隻+自由枠4隻とし・(1-6) 鎮守府近海航路2回クリア(ゴール地点へ到達)で達成
Bq4	前線の航空偵察を実施せよ！	偵察任務：水上機母艦1隻と軽巡2隻を中核とした偵察艦隊を、中部海域グアノ環礁沖海域に展開、航空偵察作戦「K作戦」を反復実施せよ！さらに同方面の敵艦隊を捕捉、敵戦力の撃破に務めよ！※水母1隻+軽巡2隻+自由枠3隻とし・(6-3) グアノ環礁沖海域ボス戦を2回A勝利以上で達成
Bq5	北方海域警備を実施せよ！	北方海域警備任務：北方海域の警備を実施する。軽巡を1隻以上含む艦隊で、北方海域モーレイ海、キス島沖、アルフォンシーノ方面の艦隊を展開、北方海域方面の警備と制海権確保に努めよ！※軽巡1隻+自由枠5隻とし・(3-1) モーレイ海・(3-2) キス島沖・(3-3) アルフォンシーノ方面ボス戦を各1回A勝利以上で達成
Bq6	精鋭「三一駆」、鉄底海域に突入せよ！	強行東京急行任務：精鋭「三一駆」第一小隊を護衛戦力とした突入艦隊を編成、南方サーモン海域に投入、鉄底海峡に突入し同海域に展開する敵艦艇を実力で排除、強行鼠輸送作戦を反復完遂せよ!※「長波改二」+(「高波改」「沖波改」「朝霜改」)より1隻+自由枠4隻とし・(5-4) サーモン海域ボス戦を2回S勝利で達成
Bq7	新編成「三川艦隊」、鉄底海峡に突入せよ！	鉄底海峡戦果拡張：「鳥海」「青葉」「衣笠」「加古」「古鷹」「天龍」「夕張」の中から4隻を含む突入艦隊を編成。南方海域前面及びサブ島沖海域、サーモン海域に突入、敵艦隊を撃滅せよ！※(「鳥海」「青葉」「衣笠」「加古」「古鷹」「天龍」「夕張」)より4隻+自由枠2隻とし・(5-1) 南方海域前面・(5-3) サブ島沖海域・(5-4) サーモン海域ボス戦を各1回S勝利で達成
Bq8	泊地周辺海域の安全確保を徹底せよ！	泊地近海警戒戦果拡張：有力な泊地哨戒部隊を編成、鎮守府近海、ブルネイ泊地沖、タウイタウイ泊地沖に反復出撃！各周辺海域に出没する敵潜を制圧、さらに泊地周辺の脅威となる敵戦力を捕捉撃滅せよ！※編成自由の艦隊とし・(1-5) 鎮守府近海・(7-1) ブルネイ泊地沖・(7-2-1) タウイタウイ泊地沖(Gマス)・(7-2-2) タウイタウイ泊地沖(Mマス)ボス戦を各3回S勝利で達成※任務進捗変化(同一箇所3回達成を1単位として)50%(2/4)→80%(3/4)→達成(4/4)
Bq9	空母戦力の投入による兵站線戦闘哨戒	空母を含む有力な哨戒艦隊を編成、製油所地帯沿岸、南西諸島防衛線、南西諸島近海、バシー海峡及び東部オリョール海を戦闘哨戒、各海域の敵艦隊を捕捉撃滅、各海域兵站線の安全を確保せよ！※航空母艦1隻+自由枠5隻とし・(1-3) 製油所地帯沿岸・(1-4) 南西諸島防衛線・(2-1) 南西諸島近海・(2-2) バシー海峡・(2-3) 東部オリョール海ボス戦を各1回S勝利で達成※任務進捗変化50%(3/5)→80%(4/5)→達成(5/5)
Bq10	戦果拡張任務！「Z作戦」後段作戦	戦果拡張作戦：我が第一艦隊に精鋭艦艇を集中配備、同精鋭艦隊を以て、南西海域タウイタウイ泊地沖、南方海域サーモン海域北方、中部海域MS諸島沖及びKW環礁沖海域の敵艦隊を捕捉、これを撃滅せよ！※編成自由の第一艦隊とし・(7-2-2) タウイタウイ泊地沖(Mマス)・(5-5) サーモン海域北方・(6-2) MS諸島沖・(6-5) KW環礁沖海域ボス戦を各1回S勝利で達成
Bq11	南西諸島方面「海上警備行動」発令！	海上警備任務：軽空母または軽巡級1隻、駆逐艦または海防艦を計3隻以上配備した海上護衛艦隊で、南1号作戦、南西諸島哨戒、柳作戦、オリョール哨戒を実施、各作戦海域に出没する敵を撃滅せよ！※(軽空母/軽巡級)1隻+(駆逐/海防艦)3隻+自由枠2隻とし・(1-4) 南西諸島防衛線・(2-1) 南西諸島近海・(2-2) バシー海峡・(2-3) 東部オリョール海ボス戦を各1回S勝利で達成
Bq12	発令！「西方海域作戦」	大規模出撃任務：「西方海域作戦」が発令された！有力な艦隊を編成し、西方海域全海域に出撃、同海域に展開する敵戦力を完全撃破、これを殲滅せよ！艦隊、西へ！※編成自由の艦隊とし・(4-1) ジャム島沖・(4-2) カレー洋海域・(4-3) リランカ島・(4-4) カスガダマ島・(4-5) カレー洋リランカ島沖ボス戦を各1回S勝利で達成※任務進捗変化50%(3/5)→80%(4/5)→達成(5/5)
Bq13	拡張「六水戦」、最前線へ！	軽巡「夕張改二」型の旗艦に随伴第六水雷戦隊駆逐艦2隻以上または「由良改二」を含む艦隊で、南方海域前面、南方サーモン海域、中部北海域ピーコック島沖、中部KW環礁沖海域に展開、敵戦力を撃滅せよ！※旗艦「夕張改二/改二特/改二丁」+随伴艦(「睦月」「如月」「弥生」「卯月」「菊月」「望月」)より2隻+自由枠3隻または+随伴艦「由良改二」+自由枠4隻とし・(5-1) 南方海域前面・(5-4) サーモン海域・(6-4) 中部北海域ピーコック島沖・(6-5) KW環礁沖海域ボス戦を各1回S勝利で達成
By13	精強「第七駆逐隊」緊急出動！	第七駆逐隊出撃任務：全艦一次改装以上の第七駆逐隊4隻を含む艦隊で、南西諸島沖海域、製油所地帯沿岸、鎮守府近海、北方海域キス島沖を哨戒、敵戦力を捕捉、これを撃破せよ！※「朧改」＋「漣改」＋「曙改」＋「潮改」(曙、潮はそれぞれ改二でも可)+自由枠2隻とし、・(1-2) 南西諸島沖・(1-3) 製油所地帯沿岸・(1-5) 鎮守府近海・(3-2) キス島沖のボス戦を各1回A勝利以上で達成。※任務進捗変化？→？→？
By1	精鋭「十九駆」、躍り出る！	改装特II型駆逐艦「綾波改二」及び同「敷波改二」を含む精鋭艦隊を前線に投入、南西諸島海域沖ノ島沖、北方海域全域、西方海域カレー洋リランカ島沖、南方サブ島沖海域に展開、各敵主力を捕捉撃滅せよ！※「綾波改二」+「敷波改二」+自由枠4隻とし・(2-5) 沖ノ島沖・(3-4) 北方海域全域・(4-5) カレー洋リランカ島沖・(5-3) サブ島沖海域ボス戦を各1回S勝利で達成
By2	「海防艦」、海を護る！	海防艦3隻を含む5隻以下の海上護衛隊を、鎮守府海域に展開。鎮守府正面海域、南西諸島沖海域、製油所地帯沿岸、鎮守府近海、鎮守府近海航路の各海域の安全確保と対潜掃蕩を図れ！海防艦戦隊、抜錨せよ！※海防艦3隻+自由枠2隻の5隻以下の編成とし・(1-1) 鎮守府正面海域・(1-2) 南西諸島沖・(1-3) 製油所地帯沿岸・(1-5) 鎮守府近海ボス戦を各1回A勝利以上・(1-6) 鎮守府近海航路1回クリア(ゴール地点へ到達)で達成※任務進捗変化50%(3/5)→80%(4/5)→達成(5/5)
By3	工作艦「明石」護衛任務	工作艦護衛任務：旗艦に工作艦「明石」、護衛の駆逐艦3隻以上で製油所地帯沿岸、鎮守府近海航路、南西諸島近海、バシー海峡、東部オリョール海に展開。「明石」を護衛、同海域での作戦を成功させよ！※旗艦「明石」+駆逐艦3隻+自由枠2隻とし・(1-3) 製油所地帯沿岸・(2-1) 南西諸島近海・(2-2) バシー海峡・(2-3) 東部オリョール海ボス戦を各1回A勝利以上・(1-6) 鎮守府近海航路1回クリア(ゴール地点へ到達)で達成※任務進捗変化50%(3/5)→80%(4/5)→達成(5/5)
By4	重巡戦隊、西へ！	重巡(航空巡洋艦含まず)3隻以上、駆逐艦1隻以上を中核とした艦隊を編成。同艦隊を西方に展開。西方海域ジャム島沖、カレー洋海域、リランカ島、カスガダマ島の敵戦力と交戦、これを撃破せよ！※重巡(航巡不可)3隻+駆逐艦1隻+自由枠2隻とし・(4-1) ジャム島沖・(4-2) カレー洋海域・(4-3) リランカ島・(4-4) カスガダマ島ボス戦を各1回A勝利以上で達成
By11	日英米合同水上艦隊、抜錨せよ！	米英艦艇3隻以上を含む空母を伴わない艦隊で、北方海域モーレイ海及びアルフォンシーノ方面、西方海域リランカ島、南西海域ペナン島沖深部を哨戒、敵戦力を捕捉、これを撃破せよ！※航空母艦タブ内の艦の編成不可。(米艦娘/英艦娘)3隻+自由枠3隻とし・(3-1) モーレイ海・(3-3) アルフォンシーノ方面・(4-3) リランカ島・(7-3-2/P) ペナン島沖深部のボス戦を各1回A勝利？で達成
By12	精鋭「第十九駆逐隊」、全力出撃！	精鋭第十九駆逐隊「磯波改二」「浦波改二」「綾波改二」「敷波改二」を含む艦隊で、鎮守府近海、南西諸島東部オリョール海、北方キス島沖、南方サブ島沖海域に出撃！敵艦隊を捕捉撃滅せよ！※「磯波改二」+「浦波改二」+「綾波改二」+「敷波改二」+自由枠2隻とし・(1-5) 鎮守府近海・(2-3) 東部オリョール海・(3-2) キス島沖・(5-3) サブ島沖海域のボス戦を各1回S勝利？で達成
By6	鎮守府近海海域の哨戒を実施せよ！	旗艦に「重巡洋艦」または「駆逐艦」、随伴に「駆逐艦・海防艦」より旗艦含めず3隻以上(他自由)の艦隊で、南西諸島沖、製油所地帯沿岸、南西諸島防衛線へ反復出撃！敵艦隊の撃破に努めよ！※旗艦(重巡/駆逐艦)+(駆逐艦/海防艦)3隻+自由枠2隻とし・(1-2) 南西諸島沖・(1-3) 製油所地帯沿岸・(1-4) 南西諸島防衛線のボス戦を各2回A勝利以上で達成※任務進捗変化(同一海域2回達成を1単位として)50%(1/3)→80%(2/3)→達成(3/3)
By7	南西方面の兵站航路の安全を図れ！	旗艦に「軽巡・練巡・駆逐艦」、随伴に「駆逐艦・海防艦」より旗艦含めず3隻以上(他自由)の艦隊で、反復出撃！鎮守府近海、南西諸島近海、鎮守府近海航路の安全確保と対潜掃蕩を図れ！※旗艦(軽巡/練巡/駆逐艦)+(駆逐艦/海防艦)3隻+自由枠2隻とし・(1-5) 鎮守府近海・(2-1) 南西諸島近海のボス戦を各2回A勝利以上・(1-6) 鎮守府近海航路を2回クリア(ゴール地点へ到達)で達成※任務進捗変化(同一海域2回達成を1単位として)50%(1/3)→80%(2/3)→達成(3/3)
By8	空母機動部隊、出撃！敵艦隊を迎撃せよ！	旗艦に「航空母艦」、随伴に「重巡洋艦・航空巡洋艦」から2隻以上(他自由)の機動部隊を編成。バシー海峡、東部オリョール海、沖ノ島海域へ展開！敵艦隊主力を捕捉、これを撃滅せよ！※旗艦 航空母艦+重巡級2隻+自由枠3隻とし・(2-2) バシー海峡・(2-3) 東部オリョール海・(2-4) 沖ノ島海域のボス戦を各1回S勝利で達成
By9	AL作戦	軽空母2隻を基幹とした艦隊を編成、北方海域モーレイ海、アルフォンシーノ方面、北方海域全域、北方AL海域へ展開！AL方面へと至るこれらの北方海域で敵主力を積極攻撃、これを撃滅せよ！※軽空母2隻+自由枠4隻とし・(3-1) モーレイ海・(3-3) アルフォンシーノ方面・(3-4) 北方海域全域・(3-5) 北方AL海域のボス戦をを各1回S勝利？で達成
By10	機動部隊決戦	旗艦に「航空母艦」を編成した第一艦隊で、珊瑚諸島沖、サーモン海域北方、KW環礁沖海域へ反復出撃、敵主力を撃滅！さらに中部北海域ピーコック島沖へも反復展開、敵戦力を撃破せよ！※第一艦隊 旗艦 航空母艦+自由枠5隻とし・(5-2) 珊瑚諸島沖・(5-5) サーモン海域北方・(6-5) KW環礁沖海域のボス戦を各2回S勝利・(6-4) 中部北海域ピーコック島沖のボス戦を2回A勝利以上で達成※任務進捗変化(同一海域2回達成を1単位として)50%(2/4)→80%(3/4)→達成(4/4)
By5	歴戦「第十方面艦隊」、全力出撃！	重巡「羽黒」「足柄」「妙高」「高雄」、駆逐艦「神風」のうち2隻以上を含む精強な艦隊を編成！マラッカ海峡ペナン島沖深部、タウイタウイ泊地沖深部、西方カレー洋海域に反復出撃！敵を撃滅せよ！※(「羽黒」「足柄」「妙高」「高雄」「神風」)より2隻+自由枠4隻とし・(7-3-2/P) ペナン島沖・(7-2-2/M) タウイタウイ泊地沖・(4-2) カレー洋海域のボス戦を各2回S勝利以上で達成？※任務進捗変化(同一箇所2回達成を1単位として)50%(1/3)→80%(2/3)→達成(3/3)
B197	「第二駆逐隊」抜錨！	第二駆逐隊任務：「村雨」「夕立」「春雨」「五月雨」のうち3隻以上を含む艦隊で、南西諸島沖海域、製油所地帯沿岸、鎮守府近海、南西諸島防衛線を哨戒、敵戦力を捕捉、これを撃破せよ！\n\n※(村雨、夕立、春雨、五月雨より3隻)+自由枠3隻の艦隊で\n・(1-2) 南西諸島沖\n・(1-3) 製油所地帯沿岸\n・(1-4) 南西諸島防衛線\n・(1-5) 鎮守府近海\nをそれぞれ1回A勝利で達成。\n\n※任務進捗変化\n50%(2/4)→80%(3/4)→達成(4/4)
B198	改装白露型「春雨改二」出撃です！	旗艦に改装白露型駆逐艦「春雨改二」を配備、他に軽巡1隻駆逐艦1隻以上を伴う艦隊で、バシー海峡、東部オリョール海、南方海域前面に反復展開！立ちふさがる敵艦隊を蹴散らせッ！\n\n※春雨改二(旗艦)+軽巡1隻+駆逐1隻+自由枠3隻の艦隊で\n・(2-2) バシー海峡\n・(2-3) 東部オリョール海\n・(5-1) 南方海域前面\nをそれぞれ2回S勝利で達成。\n\n※任務進捗変化\n(同一箇所2回達成を1単位として)\n50%(1/3)→80%(2/3)→達成(3/3)
B199	夕立姉さん！今度は一緒について行きますっ！	ソロモン海特別任務：改装白露型駆逐艦「夕立改二」及び「春雨改二」を含む強力な艦隊で、カレー洋リランカ島沖、そして南方サブ島沖海域、サーモン海域、サーモン海北方に出撃！敵を撃滅せよ！\n\n※夕立改二+春雨改二+自由枠4隻の艦隊で\n・(4-5) カレー洋リランカ島沖\n・(5-3) サブ島沖海域\n・(5-4) サーモン海域\n・(5-5) サーモン海域北方\nをそれぞれ1回S勝利で達成。\n\n※任務進捗変化
B1	はじめての「出撃」！	艦隊を出撃させ、敵艦隊と交戦せよ！\n\n※出撃のみで達成？【要検証】
B2	鎮守府正面海域を護れ！	鎮守府正面海域に艦隊を出撃させ、敵艦の跋梁を阻止せよ！\n\n※「敵主力艦隊」(1-1ボス戦)にB勝利以上で達成
B3	第2艦隊、出撃せよ！	新たに編成した「第2艦隊」を出撃せよ！\n\n※出撃のみで達成
B4	南西諸島沖に出撃せよ！	南西諸島沖に艦隊を出撃させ、敵艦隊と交戦せよ！\n\n※出撃のみで達成？【要検証】
B5	接近する「敵前衛艦隊」を迎撃せよ！	南西諸島沖に接近する「敵前衛艦隊」を捕捉、これを撃滅せよ！\n\n※「敵主力部隊」(1-2ボス戦)にB勝利以上で達成
B6	「水雷戦隊」で出撃せよ！	軽巡洋艦1隻を旗艦とし、複数の駆逐艦からなる水雷戦隊で出撃せよ！
B7	「重巡洋艦」を出撃させよ！	重巡洋艦を旗艦とした艦隊を編成、これを出撃させよ！
B8	「戦艦」を出撃させよ！	海上の覇者、戦艦を旗艦とした艦隊を編成、これを出撃させよ！\n\n※航空戦艦は不可
B9	「空母機動部隊」出撃せよ！	空母1隻とその護衛艦艇で編成した空母機動部隊を出撃させよ！\n\n※空母は軽空母でも可、水上機母艦では不可\n\n※航空母艦1隻、随伴艦3隻の合計4隻が必要
B10	敵空母を撃沈せよ！	敵機動部隊を捕捉し、これを邀撃、敵空母を轟沈せよ！\n\n※敵(空母/軽空母)を撃沈で達成 *18\n\n※(Bd4)敵空母を3隻撃沈せよ！終了後に(B10)敵空母を撃沈せよ！を開放すると、進行度の干渉と進行度表示がどうなるのか、詳細な報告を求む
B11	「三川艦隊」出撃せよ！	新編成した「三川艦隊」で出撃せよ！\n\n※「三川艦隊」の5隻(「古鷹」+「加古」+「青葉」+「鳥海」+「天龍」)＋高速艦1隻の合計6隻で出撃すると達成。途中帰還してもOK\n※出撃する海域はどこでもOK
B12	「第六駆逐隊」出撃せよ！	「暁」「響」「雷」「電」による第六駆逐隊、出撃せよ！\n\n※その他の艦を含まない、上記の4隻で出撃すると達成\n\n※出撃する海域はどこでもOK\n※達成後も再出現するバグあり？(任務攻略データを参照)
B13	「第四戦隊」出撃せよ！	「愛宕」「高雄」「鳥海」「摩耶」を基幹とする第四戦隊で、バシー島沖の敵を撃滅せよ！\n\n※「敵通商破壊艦隊」(2-2ボス戦)にB勝利以上で達成\n\n※上記の4隻+自由枠
B14	「西村艦隊」出撃せよ！	「扶桑」「山城」「最上」「時雨」を基幹とする西村艦隊で、オリョール海の敵を撃滅せよ！\n\n※「敵主力打撃群」(2-3ボス戦)にB勝利以上で達成 【要確認】\n\n※上記の4隻+自由枠
B15	「第五航空戦隊」出撃せよ！	「翔鶴」「瑞鶴」を基幹とする第五航空戦隊で、北方海域モーレイ海の敵を撃滅せよ！\n\n※「敵北方侵攻艦隊」(3-1ボス戦)にB勝利以上で達成\n\n※上記の2隻+自由枠\n※なお、A23の条件の駆逐艦2隻は加えなくてもOK
B16	新「三川艦隊」出撃せよ！	完全編成した「三川艦隊」をもって、オリョール海の敵を撃滅せよ！\n\n※「敵主力打撃群」(2-3ボス戦)にB勝利以上で達成\n\n※「新三川艦隊」(「鳥海」+「青葉」+「衣笠」+「加古」+「古鷹」+「天龍」の6隻)なので注意
B17	「潜水艦隊」出撃せよ！	伊号潜水艦2隻からなる潜水艦隊でオリョール海の敵を撃滅せよ！\n\n※「敵主力打撃群」(2-3ボス戦)にB勝利以上で達成\n\n※潜水艦2隻+自由枠\n※伊号潜水艦と書かれているが\n「まるゆ」/「U-511」/「呂500」でも可\n\n※同名の別任務(Bm2)「潜水艦隊」出撃せよ！があるので注意
B18	「航空水上打撃艦隊」出撃せよ！	航空戦艦2隻、航空巡洋艦2隻を基幹とする艦隊でカレー洋の制海権を握れ！\n\n※「東方主力艦隊」(4-2ボス戦)にB勝利以上で達成\n\n※上記の4隻+自由枠
B19	「第六戦隊」出撃せよ！	編成した「第六戦隊」をもって出撃し、オリョール海の敵を撃滅「完全勝利」せよ！\n\n※「敵主力打撃群」(2-3ボス戦)にS勝利で達成\n\n※「第六戦隊」の4隻(「古鷹」+「加古」+「青葉」+「衣笠」)+自由枠
B20	「第八駆逐隊」出撃せよ！	編成した「第八駆逐隊」を含む艦隊で出撃し、オリョール海の敵を撃滅せよ！\n\n※「敵主力打撃群」(2-3ボス戦)にB勝利以上で達成\n\n※「第八駆逐隊」の4隻(「朝潮」+「満潮」+「大潮」+「荒潮」)+自由枠
B21	「第十八駆逐隊」出撃せよ！	編成した「第十八駆逐隊」を含む艦隊で出撃し、北方海域モーレイ海の敵を撃滅せよ！\n\n※「敵北方侵攻艦隊」(3-1ボス戦)にB勝利以上で達成 【要確認】\n\n※「第十八駆逐隊」の4隻(「霰」+「霞」+「陽炎」+「不知火」)+自由枠
B22	「第三十駆逐隊(第一次)」出撃せよ！	「第三十駆逐隊(第一次)」を含む艦隊で出撃し、キス島沖の主力艦隊と交戦せよ！\n\n※「敵キス島包囲艦隊」(3-2ボス戦)に勝利またはC敗北で達成(D敗北では不可)\n\n※「第三十駆逐隊(一次)」の4隻(「睦月」+「如月」+「弥生」+「望月」)+自由枠2隻\n\n※ルート固定のために自由枠2隻は駆逐2隻/軽巡1隻・駆逐1隻/軽巡1隻・補給1隻のいずれかのみとなるので注意
B23	「航空戦艦」抜錨せよ！	航空戦艦2隻を基幹とする艦隊で、西方海域カスガダマ島の敵勢力を撃破せよ！\n\n※「敵東方中枢艦隊」(4-4ボス戦)にB勝利以上で達成\n\n※航空戦艦2隻+自由枠
B24	「第三十駆逐隊」対潜哨戒！	「第三十駆逐隊(第二次)」は直ちに抜錨！鎮守府正面の対潜哨戒を実施せよ！\n\n※「敵通商破壊主力艦隊」(1-5ボス戦)に勝利またはC敗北で達成(D敗北では不可)\n\n※ルート分岐の関係上「第三十駆逐隊(第二次)」の4隻(「睦月」+「卯月」+「弥生」+「望月」)のみで出撃する必要がある
B25	新編「第二航空戦隊」出撃せよ！	新編「二航戦」を基幹とした艦隊で、珊瑚諸島沖に出撃、敵機動部隊を撃滅せよ！\n\n※「敵機動部隊本隊」(5-2ボス戦)にS勝利で達成\n\n※旗艦「飛龍改二」+随伴艦「蒼龍」+駆逐艦2隻+自由枠2隻
B26	精鋭「第二航空戦隊」抜錨せよ！	錬成を終え再編成「二航戦」を基幹とした艦隊で、敵リランカ島を空襲、破砕せよ！\n\n※「東方主力艦隊」(4-3ボス戦)にS勝利で達成\n\n※旗艦「蒼龍改二」+随伴艦「飛龍改二」+駆逐艦2隻+自由枠2隻
B27	戦艦「榛名」出撃せよ！	第二次改装実施した「榛名改二」を基幹とした艦隊で「南方海域」へ進出、敵艦隊主力を撃滅せよ！\n\n※「敵前線司令艦隊」(5-1ボス戦)にS勝利で達成\n\n※他に艦がいてもOK。旗艦の指定なし
B28	「第六〇一航空隊」出撃せよ！	雲龍型航空母艦「雲龍改」含む機動部隊で珊瑚島沖に出撃、敵機動部隊を撃滅せよ！\n\n※「敵機動部隊本隊」(5-2ボス戦)にS勝利で達成。旗艦の指定なし\n\n※「雲龍改」でのみ達成可
B29	「軽空母」戦隊、出撃せよ！	軽空母1～2隻、軽巡1隻、駆逐艦3～4隻の艦隊で南西諸島近海の敵を撃滅せよ！\n\n※「敵主力艦隊」(2-1ボス戦)にS勝利で達成\n\n※軽空母、軽巡、駆逐艦以外の艦種を投入すると達成不可
B30	「水雷戦隊」バシー島沖緊急展開	軽巡を旗艦とした水雷戦隊(軽巡最大2隻他駆逐艦)でバシー島沖の敵を撃滅せよ！\n\n※「敵通商破壊艦隊」(2-2ボス戦)にS勝利で達成\n\n※軽巡、駆逐艦以外の艦種を投入すると達成不可
B31	「第二戦隊」抜錨！	「第二戦隊」を基幹とした艦隊でカレー洋に進出、反復出撃により敵海上兵力を撃破せよ！\n\n※「東方主力艦隊」(4-2ボス戦)に2回S勝利で達成\n\n※第二戦隊(長門型/扶桑型)の4隻+自由枠
B32	「戦艦部隊」北方海域に突入せよ！	戦艦2隻と直援軽空母1隻(正規空母無し)基幹の艦隊で北方AL海域に突入、敵を撃滅せよ！\n\n※「北方増援部隊主力」(3-5ボス戦)にS勝利で達成\n\n※戦艦2隻+軽空母1隻+自由枠\n\n※(戦艦級+航空母艦)4隻以上でボス前逸れ確定
B33	「西村艦隊」南方海域へ進出せよ！	「西村艦隊」を南方海域へ進出させ、敵主力艦隊へ突入、これを撃滅せよ！\n\n※「敵前線司令艦隊」（5-1ボス戦）にS勝利で達成\n\n※「西村艦隊」の5隻(「扶桑」+「山城」+「最上」+「時雨」+「満潮」)+自由枠。旗艦の指定なし
B34	「第六戦隊」南西海域へ出撃せよ！	「古鷹」「加古」「青葉」「衣笠」を基幹とした「第六戦隊」で、沖ノ島沖の敵艦隊を撃滅せよ！\n\n※「敵主力艦隊」(2-5ボス戦)にS勝利で達成\n\n※上記の4隻+自由枠
B35	「第十一駆逐隊」出撃せよ！	「第十一駆逐隊」を含む艦隊で出撃し、オリョール海の敵を撃破せよ！\n\n※「敵主力打撃群」(2-3ボス戦)にB勝利以上で達成\n\n※「第十一駆逐隊」の4隻(「吹雪」+「白雪」+「初雪」+「叢雲」)+自由枠
B36	「第十一駆逐隊」対潜哨戒！	「第十一駆逐隊」を含む艦隊で鎮守府正面へ展開、対潜哨戒を実施せよ！\n\n※「敵通商破壊主力艦隊」(1-5ボス戦)に勝利またはC敗北で達成(D敗北では不可)\n\n※ルート分岐の関係上、「第十一駆逐隊」の4隻(「吹雪」+「白雪」+「初雪」+「叢雲」)のみで出撃する必要がある
B37	「第二一駆逐隊」出撃せよ！	「第二一駆逐隊」を含む艦隊で出撃し、北方海域モーレイ海の敵を撃滅せよ！\n\n※「敵北方侵攻艦隊」(3-1ボス戦)にS勝利で達成\n\n※「初春」+「子日」+「若葉」+「初霜」の4隻+自由枠
B38	「那智戦隊」抜錨せよ！	旗艦「那智」及び「初霜」「霞」「潮」「曙」他1隻の艦隊でバシー島沖の敵を殲滅せよ！\n\n※「敵通商破壊艦隊」(2-2ボス戦)にS勝利で達成\n\n※旗艦「那智」+「初霜」+「霞」+「潮」+「曙」+自由枠*19
B39	「第二二駆逐隊」出撃せよ！	「第二二駆逐隊」を含む艦隊で南西諸島防衛線に出撃、敵主力艦隊を撃滅せよ！\n\n※「敵機動部隊」(1-4ボス戦)にS勝利で達成\n\n※「第二二駆逐隊」の4隻(「皐月」+「文月」+「長月」+駆逐艦1隻)+自由枠\n\n※第二二駆逐隊の一員である「水無月」は、当時未実装だったこともあり、自由駆逐艦枠に含まれる。
B40	「改装防空重巡」出撃せよ！	摩耶改または摩耶改二及び軽巡1駆逐2隻を含む艦隊でオリョール海の敵艦隊を撃滅せよ！\n\n※「敵主力打撃群」(2-3ボス戦)にS勝利で達成\n\n※上記の4隻+自由枠
B41	新編「三川艦隊」ソロモン方面へ！	第一艦隊に編成した「三川艦隊」を南方海域に進出させ、同方面の敵艦隊を撃滅せよ！\n\n※「敵前線司令艦隊」(5-1ボス戦)にS勝利で達成\n\n※第一艦隊 旗艦「鳥海改二」+(「古鷹」「加古」「青葉」「衣笠」「夕張」「天龍」)より5隻 自由枠無し
B42	「第六駆逐隊」対潜哨戒なのです！	「第六駆逐隊」を含む艦隊で鎮守府正面へ展開、対潜哨戒を実施せよ！\n\n※「敵通商破壊主力艦隊」(1-5ボス戦)に勝利またはC敗北で達成(D敗北では不可)\n\n※ルート分岐の関係上「第六駆逐隊」の4隻(「暁」+「響」+「雷」+「電」)のみで出撃する必要がある
B43	抜錨！「第十八戦隊」	「天龍」「龍田」を基幹戦力とした「第十八戦隊」で出撃し、オリョール海の敵主力を撃滅せよ！\n\n※「敵主力打撃群」(2-3ボス戦)にS勝利で達成\n\n※編成任務同様、上記の2隻+自由枠。旗艦指定は特になし
B44	海上突入部隊、進発せよ！	「比叡」「霧島」「長良」「暁」「雷」「電」の艦隊で、南方海域進出作戦を実施、敵を撃滅せよ！\n\n※「敵前線司令艦隊」(5-1ボス戦)にS勝利で達成
B45	「第六駆逐隊」対潜哨戒を徹底なのです！	「第六駆逐隊」を含む艦隊で鎮守府正面で対潜哨戒を実施、敵潜水艦部隊を痛打せよ！\n\n※「敵通商破壊主力艦隊」(1-5ボス戦)にA勝利以上で達成\n\n※ルート分岐の関係上、「第六駆逐隊」の4隻(「暁」+「響」+「雷」+「電」)のみで出撃する必要がある\n\n※A53と異なり、「暁改二」でなくても可
B46	「第一水雷戦隊」ケ号作戦、突入せよ！	北方突入準備を完了した「一水戦」で北方キス島に突入！包囲網を破り、友軍を救出せよ！\n\n※「敵キス島包囲艦隊」(3-2ボス戦)にB勝利以上で達成 【要確認】\n\n※旗艦「阿武隈」+「響」+「初霜」+「若葉」+「五月雨」+「島風」
B47	「第一水雷戦隊」北方ケ号作戦、再突入！	北方再突入準備の新編「一水戦」で北方キス島に再突入を敢行、同撤収作戦を完遂せよ！\n\n※「敵キス島包囲艦隊」(3-2ボス戦)のS勝利で達成\n\n※旗艦「阿武隈改二」+「響」+「夕雲」+「長波」+「秋雲」+「島風」
B48	鎮守府正面の対潜哨戒を強化せよ！	鎮守府正面の対潜哨戒を強化し、海上資源輸送路の安全を確立せよ！\n\n※「敵通商破壊主力艦隊」(1-5ボス戦)に4回A勝利以上で達成\n\n※月末を過ぎるとカウントリセット。B勝利がカウントされる提督もあり\n\n※B勝利の時のみ、詳細な報告を求む *20
B49	「空母機動部隊」北方海域に進出せよ！	航空母艦を旗艦とした空母機動部隊を北方AL海域方面に展開、敵戦力を撃滅せよ！\n\n※「北方増援部隊主力」(3-5ボス戦)にS勝利で達成\n\n※軽空母が旗艦では失敗の報告があるので注意\n\n※旗艦軽空母で失敗の詳細な報告を求む*21
B50	「第五航空戦隊」珊瑚諸島沖に出撃せよ！	再編成した「第五航空戦隊」を珊瑚諸島沖に展開、敵機動部隊を捕捉撃滅せよ！\n\n※「敵機動部隊本隊」(5-2ボス戦)にS勝利で達成\n\n※「翔鶴」+「瑞鶴」+「朧」+「秋雲」+自由枠2隻。旗艦は任意
B51	新編「第二一戦隊」北方へ出撃せよ！	新編「第二一戦隊」を基幹とする艦隊で北方海域モーレイ海に出撃、敵を撃滅せよ！\n\n※「敵北方侵攻艦隊」(3-1ボス戦)にS勝利で達成\n\n※「那智改二」+「足柄改二」+「多摩」+「木曾」+自由枠2隻。旗艦は任意
B52	「第十六戦隊(第一次)」出撃せよ！	「第十六戦隊(第一次)」をバシー島沖に展開、敵艦隊を撃滅せよ！\n\n※「敵通商破壊艦隊」(2-2ボス戦)にS勝利で達成\n\n※旗艦「足柄」+「球磨」+「長良」+自由枠3隻
B53	「第三航空戦隊」南西諸島防衛線に出撃！	編成した「第三航空戦隊」を南西諸島防衛線に展開、敵侵攻部隊を捕捉迎撃せよ！\n\n※「敵機動部隊」(1-4ボス戦)にS勝利で達成\n\n※旗艦「瑞鶴改」+「千歳航」+「千代田航」+「瑞鳳」+自由枠2隻
B54	「小沢艦隊」出撃せよ！	「小沢艦隊」を沖ノ島海域前面に展開し、侵攻する敵機動部隊を捕捉、これを撃滅せよ！\n\n※「敵侵攻中核艦隊」(2-4ボス戦)にS勝利で達成\n\n※旗艦「瑞鶴改」+「瑞鳳改」+「千歳航」+「千代田航」+「伊勢改」+「日向改」
B55	「第十六戦隊(第二次)」出撃せよ！	「第十六戦隊(第二次)」をオリョール海に展開、敵主力艦隊を捕捉、これを撃滅せよ！\n\n※「敵主力打撃群」(2-3ボス戦)にS勝利で達成\n\n※旗艦「名取」+「五十鈴」+「鬼怒」+自由枠3隻
B56	新編成航空戦隊、北方へ進出せよ！	「新編成航空戦隊」をアルフォンシーノ方面へ進出、敵泊地の機動部隊を撃滅せよ！\n\n※「深海棲艦泊地艦隊」(3-3ボス戦)にS勝利で達成\n\n※空母2隻+(航空戦艦or航空巡洋艦)2隻+駆逐艦2隻\n\n※A64未開放で出現の報告あり
B57	「礼号作戦」実施せよ！	精強な「水上反撃部隊」で、南西諸島沖ノ島沖に突入！同海域の敵戦力を撃滅せよ！\n\n※「敵主力艦隊」(2-5ボス戦)にS勝利で達成\n\n※旗艦「霞」+「足柄」+「大淀」+「朝霜」+「清霜」+自由枠1隻
B58	旗艦「霞」北方海域を哨戒せよ！	旗艦「霞改二」で駆逐艦4隻を含む艦隊を北方海域に投入し、モーレイ海哨戒を実施せよ！\n\n※「敵北方侵攻艦隊」(3-1ボス戦)にB勝利以上で達成\n\n※旗艦「霞改二/改二乙」+駆逐3隻+自由枠2隻
B59	旗艦「霞」出撃！敵艦隊を撃滅せよ！	旗艦「霞改二」で駆逐艦3隻を含む艦隊で南西諸島沖ノ島沖に突入！敵主力を撃滅せよ！\n\n※「敵主力艦隊」(2-5ボス戦)にS勝利で達成\n\n※旗艦「霞改二/改二乙」+駆逐2隻+自由枠3隻
B60	「第三十一戦隊」出撃せよ！	第三十一戦隊(第一次)を鎮守府近海航路に出撃させ、同航路の安全確保に努めよ！\n\n※1-6を1回クリア(ゴール地点へ到達)で達成\n\n※旗艦「五十鈴改二」+「皐月改二」+「卯月改」+自由枠3隻
B61	「第二七駆逐隊」出撃せよ！	「白露改」旗艦の第二七戦隊を含む艦隊をオリョール海に展開、同海域の敵艦隊を撃滅せよ！\n\n※「敵主力打撃群」(2-3ボス戦)にS勝利で達成\n\n※旗艦「白露改」+「時雨」+「春雨」+「五月雨」+自由枠2隻\n\n※白露改二、時雨改二でも達成可能
B62	強襲上陸作戦用戦力を増強せよ！	中部海域における航空偵察「K作戦」を実施しつつ、強襲上陸作戦用戦力の強化を図れ！\n\n※「留守泊地旗艦艦隊」(6-3ボス戦)にB勝利以上で達成
B63	製油所地帯を防衛せよ！	水雷戦隊を製油所地帯沿岸に展開！同海域に出没する敵艦隊を三回以上撃滅せよ！\n\n※「敵主力部隊」(1-3ボス戦)に3回S勝利で達成\n\n※軽巡1隻(2隻以上不可)+駆逐1～5隻(旗艦指定なし)\n\n※軽巡と駆逐以外の艦種は不可
B64	南西諸島防衛線を強化せよ！	南西諸島防衛線に有力な艦隊を展開、同方面に来襲する敵艦隊を五回以上撃滅せよ！\n\n※「敵機動部隊」(1-4ボス戦)に5回S勝利で達成
B65	オリョール海の制海権を確保せよ！	大潮を旗艦とする艦隊を東部オリョール海に反復出撃、同方面敵艦隊を完全撃滅せよ！\n\n※「敵主力打撃群」(2-3ボス戦)に6回S勝利で達成\n\n※「大潮」旗艦+自由枠5隻
B66	旗艦「大潮」出撃せよ！	「大潮改二」旗艦の有力な艦隊を北方AL海域に展開、北方海域戦闘哨戒を実施せよ！\n\n※「北方増援部隊主力」(3-5ボス戦)にS勝利で達成\n\n※「大潮改二」旗艦＋自由枠5隻
B67	艦隊、三周年！	三周年を記念しバシー島沖及び東部オリョール海に出撃、同海域の敵艦隊を撃滅せよ！\n\n※「敵通商破壊艦隊」(2-2ボス戦)及び「敵主力打撃群」(2-3ボス戦)を各1回S勝利で達成\n\n※通常任務(期間限定ではない)
B68	強行高速輸送部隊、出撃せよ！	「江風改二」「時雨改二」「川内改二」他駆逐2隻を含む艦隊で、ジャム島攻略作戦を実施せよ！\n\n※「東方派遣艦隊」(4-1ボス戦)にA勝利以上で達成\n\n※「川内改二」+「江風改二」+「時雨改二」+駆逐2隻+自由枠1隻
B69	「第一航空戦隊」西へ！	旗艦「赤城」同僚艦「加賀」を中核とする艦隊で、深海東洋艦隊漸減作戦を貫徹せよ！\n\n※「リランカ島港湾守備隊」(4-5ボス戦)にS勝利で達成\n\n※旗艦「赤城」+「加賀」+自由枠4隻
B70	新編艦隊、南西諸島防衛線へ急行せよ！	水雷戦隊を含む新編艦隊を南西諸島防衛線に展開、同方面に来襲する敵艦隊を撃破せよ！\n\n※「敵機動部隊」(1-4ボス)にA勝利以上で達成\n\n※旗艦軽巡級+駆逐4隻+自由枠1隻
B71	鎮守府近海航路の安全確保を強化せよ！	水雷戦隊を含む新編戦隊を鎮守府近海航路に出撃させ、同航路の安全確保に努めよ！\n\n※1-6を1回クリア(ゴール地点へ到達)で達成\n\n※旗艦(軽巡/練巡)+駆逐4隻+自由枠1隻\n\n※ゴール地点到達までに轟沈で駆逐が3隻以下になると達成不可
B72	「第三十一戦隊」敵潜を制圧せよ！	第三十一戦隊(第一次)を鎮守府近海航路に再投入！反復出撃し、敵潜を制圧せよ！\n\n※1-6を2回クリア(ゴール地点へ到達)で達成\n\n※旗艦「五十鈴改二」+「皐月改二」+「卯月改」+自由枠3隻
B73	新編「第八駆逐隊」出撃せよ！	新編「第八駆逐隊」を含む艦隊を鎮守府近海航路に出撃させ、同航路の安全確保に努めよ！\n\n※1-6を1回クリア(ゴール地点へ到達)で達成\n\n※旗艦「朝潮改二/改二丁」+「満潮」+「大潮」+「荒潮」+自由枠2隻
B74	精鋭「八駆第一小隊」対潜哨戒！	「第八駆逐隊第一小隊」を含む艦隊で鎮守府正面対潜哨戒を反復実施！敵潜を圧倒せよ！\n\n※「敵通商破壊主力艦隊」(1-5ボス)に2回S勝利で達成\n\n※ルート分岐の関係上、「朝潮改二丁」+「大潮改二」+自由枠2隻の4隻のみで出撃する必要がある
B75	水雷戦隊、南西防衛線に反復出撃せよ！	軽巡級旗艦と駆逐艦4隻を基幹とした護衛艦隊を編成、南西諸島防衛線に反復出撃し、同海域の制海権確保に努めよ！\n\n※「敵機動部隊」(1-4ボス)に2回A勝利以上で達成\n\n※旗艦軽巡級+駆逐4隻+自由枠1隻\n\n※軽巡級枠は雷巡や練巡でも達成可
B76	製油所地帯沿岸の哨戒を実施せよ！	軽空母旗艦と駆逐艦3隻を基幹とした護衛艦隊を編成、製油所地帯沿岸に展開し、同海域の哨戒を実施、同海域の安全を確保せよ！\n\n※「敵主力艦隊」(1-3ボス)にS勝利で達成\n\n※旗艦軽空母+駆逐3隻+自由枠2隻
B77	水雷戦隊、南西諸島海域を哨戒せよ！	水雷戦隊を基幹とした有力な艦隊で南西諸島海域バシー島及び東部オリョール海を哨戒、同海域に遊弋する敵艦隊を捕捉、これを撃滅せよ！\n\n※「敵通商破壊艦隊」(2-2ボス戦)及び「敵主力打撃群」(2-3ボス戦)を各1回S勝利で達成\n\n※旗艦軽巡級+駆逐4隻+自由枠1隻\n\n※軽巡級枠は雷巡や練巡でも達成可
B78	「第十九駆逐隊」出撃せよ！	特型駆逐艦4隻による「第十九駆逐隊」を鎮守府近海に展開！鎮守府正面対潜哨戒を実施し、跳梁する敵潜水部隊の制圧に努めよ！\n\n※「敵通商破壊主力艦隊」(1-5ボス戦)にA勝利以上で達成\n\n※ルート分岐の関係上、「第十九駆逐隊」の4隻(「磯波」+「浦波」+「綾波」+「敷波」)のみで出撃する必要がある
B79	「第十九駆逐隊」敵主力に突入せよ！	「第十九駆逐隊」を含む有力な艦隊を編成し、南西諸島海域沖ノ島沖に展開！同方面に遊弋する敵主力を捕捉、これを撃破せよ！\n\n※「敵主力艦隊」(2-5ボス戦)にA勝利以上で達成\n\n※「第十九駆逐隊」(「磯波」+「浦波」+「綾波」+「敷波」)4隻+自由枠2隻
B80	飛行場設営の準備を実施せよ！	中部海域における航空偵察「K作戦」を再度実施、さらに同方面に遊弋する敵艦隊を撃滅し、中部海域における飛行場設営の準備を実施せよ！\n\n※「留守泊地旗艦艦隊」(6-3ボス戦)にS勝利で達成\n\n※(B62)強襲上陸作戦用戦力を増強せよ！と出撃海域が同一であるため見間違いに注意
B81	夜間突入！敵上陸部隊を叩け！	南方サブ島沖海域へ精鋭部隊を突入！敵部隊の邀撃を突破し、同方面の敵上陸部隊を叩け！！\n\n※「敵サーモン方面主力艦隊」(5-3ボス戦)にA勝利以上で達成
B82	夜の海を照らす「灯り」を入手せよ！	有力な艦隊を南西諸島近海に投入、同方面に出没する敵艦隊を捕捉、これを撃滅せよ！そして夜を照らす「灯り」を入手せよ！ある季節は夜戦以外にも使い道があるようだ！\n\n※「敵主力艦隊」(2-1ボス戦)にS勝利で達成
B83	南西諸島防衛線を増強せよ！	水上機母艦または航空巡洋艦を旗艦とする有力な艦隊を南西諸島防衛線に投入、水上機戦力によって同防衛線を強化、同方面の敵艦隊を撃滅せよ！\n\n※「敵機動部隊」(1-4ボス戦)にS勝利で達成\n\n※旗艦(「水母」/「航巡」)+自由枠5隻
B84	「第十六戦隊(第三次)」出撃せよ！	「第十六戦隊(第三次)」を沖ノ島海域前面に展開、敵主力艦隊を捕捉、これを撃破せよ！\n\n※「敵侵攻中核艦隊」(2-4ボス戦)にA勝利以上で達成\n\n※「鬼怒」+「青葉」+「北上」+「大井」+自由枠2隻
B85	精鋭「第十六戦隊」突入せよ！	再編成を完了した精鋭「第十六戦隊」を南西諸島海域沖ノ島沖に展開、同方面に遊弋する敵主力を捕捉、これを撃破せよ！\n\n※「敵主力艦隊」(2-5ボス戦)にS勝利で達成\n\n※旗艦「鬼怒改二」+(「北上改二」「大井改二」「球磨改」「青葉改」「浦波改」「敷波改」)より5隻、合計6隻の艦隊で出撃。自由枠は無し
B86	輸送作戦を成功させ、帰還せよ！	「鬼怒改二」を旗艦、僚艦に「浦波改」他駆逐艦3隻の計5隻の艦隊でバシー島沖における柳輸送作戦を実施、同輸送作戦を完全成功させ、帰還せよ！\n\n※「敵通商破壊艦隊」(2-2ボス戦)にS勝利で達成\n\n※旗艦「鬼怒改二」+「浦波改」+駆逐3隻+自由枠1隻\n\n※テキストには計5隻とあるが自由枠を含む計6隻でも達成可\n※ただし駆逐が5隻だと達成不可
B87	重巡戦隊、抜錨せよ！	重巡4隻を基幹戦力とした重巡旗艦の艦隊を南西諸島海域東部オリョール海に展開し、同海域の敵艦隊を撃滅、制海権を確保せよ！\n\n※「敵主力打撃群」(2-3ボス戦)にS勝利で達成\n\n※旗艦重巡級+重巡級3隻+自由枠2隻 (重巡級は航巡を含む)
B88	戦艦戦隊、出撃せよ！	戦艦2隻を中核戦力とする戦艦旗艦の艦隊を北方海域アルフォンシーノ方面に進出させ、同海域の敵戦艦を撃滅、北方海域の制海権確保に努めよ！\n\n※「深海棲艦泊地艦隊」(3-3ボス戦)にS勝利で達成\n\n※戦艦(航戦・海外艦可)を旗艦とし、随伴に戦艦(航戦・海外艦可)1隻+自由枠4隻
B89	主力戦艦戦隊、抜錨せよ！	戦艦または航空戦艦2隻以上からなる強力な戦艦戦隊を中核とした艦隊を沖ノ島海域前面に展開、侵攻する敵艦隊を捕捉、これを撃滅せよ！\n\n※「敵侵攻中核艦隊」(2-4ボス戦)にS勝利で達成\n\n※低速戦艦2隻または航空戦艦2隻+自由枠4隻\n\n※高速戦艦は自由枠扱いになるので注意\n
B90	精鋭「第八駆逐隊」突入せよ！	「荒潮改二」を旗艦とし、僚艦に「第八駆逐隊」から1隻を配備した精鋭第1艦隊でサーモン海域北方に突入、同方面に接近する有力な敵艦隊を捕捉、同方面の敵戦力の漸減に務めよ！\n\n※「敵任務部隊本隊」(5-5ボス戦)に2回A勝利以上で達成\n\n※第一艦隊 旗艦「荒潮改二」+(「朝潮」「大潮」「満潮」)より1隻+自由枠4隻
B91	潜水艦隊、中部海域の哨戒を実施せよ！	潜水艦を旗艦とし、4隻以上の有力な潜水艦を配備した第一艦隊、精鋭潜水艦隊で中部海域哨戒線に進出、回航中の敵空母を捕捉、これを襲撃せよ！\n\n※「敵回航中空母」(6-1ボス戦)にB勝利以上で達成\n\n※第一艦隊 旗艦(潜水艦/潜水空母)+(潜水艦/潜水空母)3隻+自由枠2隻
B92	重装甲巡洋艦、鉄底海峡に突入せよ！	第一艦隊旗艦に「Zara due」を配備、同艦隊で南方サブ島沖海域へ突入！同方面の敵艦隊群を突破し、鉄底海峡に展開する敵戦力を撃破せよ！\n\n※「敵サーモン方面主力艦隊」(5-3ボス戦)にA勝利以上で達成\n\n※第一艦隊 旗艦「Zara due」+自由枠5隻
B93	南西諸島方面の敵艦隊を撃破せよ！	軽巡を旗艦とした艦隊を編成し、南西諸島防衛線、バシー島沖及び東部オリョール海に展開、同海域に遊弋する敵艦隊を撃破せよ！\n\n※「敵機動部隊」(1-4ボス戦)及び「敵通商破壊艦隊」(2-2ボス戦)、「敵主力打撃群」(2-3ボス戦)を各1回A勝利以上で達成\n\n※旗艦軽巡+自由枠5隻
B94	洋上航空戦力を拡充せよ！	航空母艦、または水上機母艦を旗艦とした有力な艦隊を編成、北方AL海域、西方海域カスガダマ沖、中部海域MS諸島沖に展開し、各海域の敵艦隊を撃滅せよ！\n\n※「北方増援部隊主力」(3-5ボス戦)及び「敵東方中枢艦隊」(4-4ボス戦)、「敵攻略部隊本体」(6-2ボス戦)を各1回S勝利で達成\n\n※旗艦(空母/水母)+自由枠5隻
B95	改装航空巡洋艦、出撃！	改装航空巡洋艦「鈴谷改二」を旗艦とした精強な艦隊を編成、同艦隊を南方海域に展開、南方海域前面、及びサブ島沖海域に遊弋する敵艦隊群を捕捉、これを撃破せよ！\n\n※「敵前線司令艦隊」(5-1ボス戦)及び「敵サーモン方面 主力艦隊」(5-3ボス戦)を各1回A勝利以上で達成\n\n※旗艦「鈴谷改二」+自由枠5隻
B96	改装攻撃型軽空母、前線展開せよ！	改装航空母艦「鈴谷航改二」を旗艦とした精強な機動部隊を編成、同艦隊を中部海域に進出。\nMS諸島沖、KW環礁沖海域に展開し、同海域の敵機動部隊を捕捉、これを撃滅せよ！\n\n※「敵攻略部隊本体」(6-2ボス戦)及び「任務部隊 主力群」(6-5ボス戦)を各1回S勝利で達成\n\n※旗艦「鈴谷航改二」+自由枠5隻
B97	鎮守府海域警戒を厳とせよ！	巡洋艦クラスを旗艦に配備、2隻以上の駆逐艦を擁する警戒艦隊を編成せよ。同警戒艦隊を以て、鎮守府海域(南西諸島*23/製油所地帯沿岸/南西諸島防衛線/鎮守府近海)の警戒任務にあたれ！\n\n※「敵主力部隊」(1-2ボス戦)及び「敵主力艦隊」(1-3ボス戦)及び「敵機動部隊」(1-4ボス戦)、「敵通商破壊主力艦隊」(1-5ボス戦)を各1回A勝利以上で達成\n\n※旗艦巡洋艦(重巡級/軽巡級)+駆逐艦2隻+自由枠3隻\n\n※巡洋戦艦(高速戦艦)では不可なので注意
B98	海上護衛体制の強化に努めよ！	海上護衛作戦：駆逐艦または海防艦３隻以上を含む護衛艦隊を編成し、鎮守府海域の製油所地帯沿岸、南西諸島防衛線、鎮守府近海、鎮守府近海航路にそれぞれ展開、各海域における作戦を成功させよ！\n\n※「敵主力艦隊」(1-3ボス戦)及び「敵機動部隊」(1-4ボス戦)、「敵通商破壊主力艦隊」(1-5ボス戦)を各1回S勝利。1-6を1回クリア(ゴール地点へ到達)で達成\n\n※(駆逐艦/海防艦)3隻＋自由枠3隻(1-5に限りルート制御のため自由枠1隻)\n\n※駆逐艦と海防艦の合計が3隻以上なら片方の艦種だけでも可
B99	新編「第一戦隊」、抜錨せよ！	新編「第一戦隊」出撃任務：戦艦「長門改二」を旗艦、二番艦に「陸奥改」を配備した第一艦隊で出撃！ カレー洋リランカ島沖、サーモン海域北方に展開し、同海域の敵艦隊主力を捕捉、これを撃滅せよ！\n\n※第一艦隊 旗艦「長門改二」+二番艦「陸奥改」+自由枠4隻とし、「リランカ島港湾守備隊」(4-5ボス戦)及び「敵任務部隊本隊」(5-5ボス戦)を各1回S勝利で達成
B100	増強海上護衛総隊、抜錨せよ！	出撃任務：軽巡1隻以上、駆逐艦または海防艦2隻以上、さらに航空巡洋艦または軽空母で増強した第一護衛艦隊を第一艦隊に編成、南西諸島海域の各海域に展開、敵艦隊を撃破、各作戦を成功させよ！\n\n※「敵通商破壊艦隊」(2-2ボス戦)及び「敵主力打撃群」(2-3ボス戦)及び「敵侵攻中核艦隊」(2-4ボス戦)、「敵主力艦隊」(2-5ボス戦)を各1回A勝利以上で達成\n\n※軽巡1隻以上・駆逐艦または海防艦(混在可)2隻以上・航巡または軽空母1隻+自由枠2隻
B101	新編「第七戦隊」、出撃せよ！	出撃任務：新編「第七戦隊」を出撃！カレー洋リランカ島沖「深海東洋艦隊漸減作戦」、MS諸島沖「MS諸島防衛戦」において、敵艦隊主力を捕捉、これを撃滅せよ！\n\n※「リランカ島港湾守備隊」(4-5ボス戦)及び「敵攻略部隊本体」(6-2ボス戦)を各1回S勝利で達成\n\n※第一艦隊旗艦「熊野改二/航改二」+二番艦「鈴谷改二/航改二」+「最上改」+「三隈改」+自由枠2隻
B102	精鋭「第四航空戦隊」、抜錨せよ！	精鋭「第四航空戦隊」出撃任務：精鋭航空戦艦を主戦力に再編された「第四航空戦隊」、抜錨せよ！沖ノ島沖戦闘哨戒及び北方AL海域戦闘哨戒を実施、同方面の敵艦隊主力を捕捉、これを撃破せよ！\n\n※「敵主力艦隊」(2-5ボス戦)及び「北方増援部隊主力」(3-5ボス戦)を各1回A勝利以上で達成\n\n※「伊勢改(Lv50以上)」+「日向改(Lv50以上)」+軽巡1隻+駆逐2隻+自由枠1隻\n\n※第一艦隊にてLv50以上の「伊勢改」/「日向改」を旗艦・二番艦(二番目)に編成する必要があるので注意\n※2-5のルートに関しては該当海域下部の「任務に関して」を参照\n
B103	旗艦「由良」、抜錨！	出撃任務：旗艦に「由良改二」、随伴艦に二駆「村雨」「夕立」「春雨」「五月雨」及び「秋月」から2隻以上を配備した第一艦隊を展開、東部オリョール海及び南方海域前面の敵戦力を撃滅せよ！\n\n※「敵主力打撃群」(2-3ボス戦)及び「敵前線司令艦隊」(5-1ボス戦)に各1回S勝利で達成\n\n※第一艦隊 旗艦「由良改二」+(「村雨」「夕立」「春雨」「五月雨」「秋月」)より2隻+自由枠3隻
B104	精鋭「第二二駆逐隊」出撃せよ！	出撃任務：再編した精鋭「第二二駆逐隊」を含む精強な水雷戦隊で北方海域キス島沖に出撃、キス島撤退作戦を完全成功させよ！\n\n※「敵キス島包囲艦隊」(3-2ボス戦)にS勝利で達成\n\n※「文月改二」+「皐月改二」+「長月改」+「水無月改」+自由枠2隻\n\n※ルート固定のために自由枠2隻は駆逐2隻/軽巡1隻・駆逐1隻/軽巡1隻・補給1隻のいずれかとなるので注意
B105	精強大型航空母艦、抜錨！	「Saratoga Mk.II」または同「Mod.2」を旗艦とした「任務部隊」で、南方海域サーモン海域北方及び中部海域MS諸島沖に展開、同海域敵戦力を捕捉撃滅、「MS諸島防衛戦」を成功させよ！\n\n※第一艦隊旗艦「Saratoga Mk.II/Mod.2」+軽巡1隻+駆逐2隻+自由枠2隻とし、「敵任務部隊本隊」(5-5ボス戦)及び「敵攻略部隊本体」(6-2ボス戦)を各1回S勝利で達成
B106	夜間作戦空母、前線に出撃せよ！	出撃任務：「Saratoga Mk.II」を旗艦とした第一艦隊をKW環礁沖海域に展開、敵機動部隊を迎撃！「空母機動部隊迎撃戦」を見事成功させよ！夜戦作戦空母、抜錨！前線に出撃せよ！\n\n※第一艦隊 旗艦「Saratoga Mk.II」+自由枠5隻とし、「任務部隊 主力群」(6-5ボス戦)にS勝利で達成\n\n※「Saratoga Mk.II Mod.2」不可
B107	補給線の安全を確保せよ！	軽巡クラスの艦隊旗艦と2隻以上の駆逐艦または海防艦を中核とした警戒艦隊を編成、同艦隊で鎮守府海域(製油所地帯沿岸/南西諸島防衛線/鎮守府近海)の警戒と補給線安全確保にあたれ！\n\n※旗艦 軽巡級+(駆逐艦/海防艦)2隻＋自由枠3隻(1-5に限りルート制御のため自由枠1)とし、「敵主力艦隊」(1-3ボス戦)及び「敵機動部隊」(1-4ボス戦)、「敵通商破壊主力艦隊」(1-5ボス戦)を各1回A勝利以上で達成\n\n※B勝利の場合は現在検証中
B108	「第八駆逐隊」、南西へ！	第八駆逐隊任務：「第八駆逐隊」を含む艦隊で、鎮守府南西諸島沖、及び南西諸島バシー島沖に展開！同海域に跳梁する敵艦隊戦力を捕捉、これを撃滅せよ！\n\n※「第八駆逐隊」(「朝潮」+「大潮」+「荒潮」+「満潮」)4隻+自由枠2隻とし、「敵主力部隊」(1-2ボス戦)及び「敵通商破壊艦隊」(2-2ボス戦)を各1回S勝利で達成
B109	最精鋭「第八駆逐隊」、全力出撃！	第八駆逐隊：最精鋭「第八駆逐隊」を中核戦力とした艦隊を編成、北方海域キス島沖、および南方海域サーモン海域に突入！同海域の敵艦隊を撃滅、第八駆逐隊による完全勝利を刻め！\n\n※新編「第八駆逐隊」(「朝潮改二/改二丁」+「大潮改二」+「荒潮改二」+「満潮改二」)4隻+自由枠2隻とし、「敵キス島包囲艦隊」(3-2ボス戦)及び「敵補給部隊本体」(5-4ボス戦)を各1回S勝利で達成
B110	北方海域戦闘哨戒を実施せよ！	北方海域戦闘哨戒任務：北方AL海域に軽空母と水上機母艦及び軽巡を基幹戦力とした精鋭艦隊を投入。\n北方戦闘哨戒を反復実施、同方面の敵増援部隊主力を捕捉、これを撃滅し、北方海域戦線を防衛せよ！\n\n※軽空母1隻+水母1隻+軽巡1隻+自由枠3隻とし、「北方増援部隊主力」(3-5ボス戦)に2回S勝利で達成
B111	松輸送作戦、開始せよ！	防衛ラインの強化のため、艦隊旗艦「龍田改二」または「龍田改」、3隻以上の駆逐艦または海防艦を含む輸送護衛艦隊を編成、南西諸島防衛線及び鎮守府近海航路における作戦を複数回成功させよ！\n\n※旗艦「龍田改二/改」+(駆逐艦/海防艦)3隻+自由枠2隻とし、「敵機動部隊」(1-4ボス戦)に2回A勝利以上及び1-6を2回クリア(ゴール地点へ到達)で達成\n\n※任務進捗変化\n(同一海域2回達成を1単位として)\n50%(1/2)→達成(2/2)
B112	精鋭「四水戦」、南方海域に展開せよ！	「村雨改二」旗艦含む精鋭四水戦(4Sd)より4隻(他主力艦2隻)計6隻の精鋭艦隊を南方海域に展開。南方海域前面、サブ島沖海域、サーモン海域に突入、同南方海域方面の敵艦隊を撃破せよ！\n\n※旗艦「村雨改二」+(「由良改二」「夕立改二」「春雨改」「五月雨改」「秋月改」)より3隻+自由枠2隻とし、「敵前線司令艦隊」(5-1ボス戦)及び「敵サーモン方面主力艦隊」(5-3ボス戦)、「敵補給部隊本体」(5-4ボス戦)を各1回A勝利以上で達成
B113	松輸送作戦、継続実施せよ！	艦隊旗艦に軽巡級または駆逐艦、さらに3隻以上の駆逐艦または海防艦を含む輸送護衛艦隊を編成、防衛ラインの強化のため、南西諸島防衛線及び鎮守府近海航路における作戦を継続的に成功させよ！\n\n※旗艦(軽巡級/駆逐艦)+(駆逐艦/海防艦)3隻+自由枠2隻とし、「敵機動部隊」(1-4ボス戦)に3回A勝利以上及び1-6を3回クリア(ゴール地点へ到達)で達成\n\n※任務進捗変化\n50%(3/6)→80%(5/6)→達成(6/6)\n※駆逐艦を旗艦にした場合でも旗艦以外にも駆逐艦または海防艦(混在可)が3隻必要なので注意
B114	新編「四航戦」、全力出撃！	航空戦艦「伊勢改」「日向改」及び軽巡「大淀改」と1隻以上の駆逐艦を含む新編第四航空戦隊を編成、鎮守府近海航路、沖ノ島沖及び北方AL海域戦闘哨戒、カレー洋リランカ島沖の作戦に投入せよ！\n\n※「伊勢改」+「日向改」+「大淀改」+駆逐1隻+自由枠2隻とし、1-6を1回クリア(ゴール地点へ到達)及び「敵主力艦隊」(2-5ボス戦)及び「北方増援部隊主力」(3-5ボス戦)、「リランカ島港湾守備隊」(4-5ボス戦)を各1回A勝利以上で達成
B115	精鋭駆逐隊、獅子奮迅！	十分な装備と練度を誇る駆逐艦4隻からなる精鋭駆逐隊を含む艦隊を編成。鎮守府近海航路、東部オリョール海、北方キス島沖、西方カレー洋に投入、各戦線の作戦展開を成功させよ！\n\n※駆逐艦4隻+自由枠2隻とし、1-6を1回クリア(ゴール地点へ到達)及び「敵主力打撃群」(2-3ボス戦)及び「敵キス島包囲艦隊」(3-2ボス戦)、「東方主力艦隊」(4-2ボス戦)を各1回A勝利以上で達成\n\n※『十分な装備と練度を～』と説明文には書かれているが、任務達成要件に必要練度は設定されていない様でLv1の艦でも達成可
B116	「十八駆」、北方海域キス島へ！	精鋭「第十八駆逐隊」を投入し、北方海域キス島撤退作戦を実施する！同作戦に反復出撃し、キス島撤退作戦を完全成功させよ！\n\n※「霰改二」+「霞改二/改二乙」+「陽炎改」+「不知火改」+自由枠2隻とし、「敵キス島包囲艦隊」(3-2ボス戦)に2回S勝利で達成\n\n※ルート固定のため自由枠2隻は駆逐2隻/軽巡1隻・駆逐1隻/軽巡1隻・補給1隻のいずれかとなる
B117	最精鋭甲型駆逐艦、突入！敵中突破！	「黒潮改二」「不知火改二」「陽炎改二」のいずれかを旗艦、他2隻の練度75以上の甲型駆逐艦を配備した計6隻艦隊で西方カレー洋、北方キス島沖、南方サブ島沖海域に複数回突入、各作戦を完全成功させよ！\n\n※旗艦(「陽炎改二」「不知火改二」「黒潮改二」)より選択+(陽炎型(Lv75以上)/夕雲型(Lv75以上)の駆逐艦)2隻+自由枠3隻とし、「東方主力艦隊」(4-2ボス戦)、「敵キス島包囲艦隊」(3-2ボス戦)、「敵サーモン方面主力艦隊」(5-3ボス戦)に各2回S勝利で達成\n\n※旗艦はLv75未満でも可
B118	戦闘航空母艦、出撃せよ！	改装航空戦艦（戦闘航空母艦）一番艦、旗艦「伊勢改二」を中核とした航空火力打撃部隊を編成、北方AL海域戦闘哨戒、カレー洋リランカ島沖及びピーコック島沖の作戦に投入、敵を撃滅せよ！\n\n※旗艦「伊勢改二」+自由枠5隻とし、「北方増援部隊主力」(3-5ボス戦)、「リランカ島港湾守備隊」(4-5ボス戦)及び「離島守備隊」(6-4ボス戦)を各1回S勝利で達成？
B119	「伊勢改二」、敵機動部隊を迎撃せよ！	旗艦「伊勢改二」随伴駆逐艦2隻の航空戦隊を基幹とする艦隊をKW環礁沖空母機動部隊迎撃戦に投入！同反復出撃によって、同方面に来襲する敵機動部隊を迎撃、完全撃滅せよ！　「伊勢改二」、抜錨！\n\n※「KW環礁沖空母機動部隊迎撃戦」(6-5ボス戦)、3回S勝利で達成
B120	精鋭「第十八戦隊」、展開せよ！	精鋭「第十八戦隊」随伴駆逐艦2隻を含む艦隊を、鎮守府海域に展開、同南西諸島沖海域、南西諸島防衛線、鎮守府近海、鎮守府近海航路の各作戦を完全成功させよ！改装軽巡「天龍」「龍田」、出撃！\n\n※「天龍改二」+「龍田改二」+駆逐艦2隻+自由枠2隻とし、「敵主力部隊」(1-2ボス戦)、「敵機動部隊」(1-4ボス戦)、「敵通商破壊主力艦隊」(1-5ボス戦)を各1回S勝利。1-6を1回クリア(ゴール地点へ到達)で達成
B121	精鋭「二七駆」第一小隊、出撃せよ！	「白露改二」及び「時雨改二」から成る精鋭駆逐隊「二七駆」第一小隊を含む有力な艦隊を編成、東部オリョール海、ジャム島攻略作戦、サーモン海域北方、KW環礁沖海域に出撃、敵を撃滅せよ！\n\n※「白露改二」+「時雨改二」+自由枠4隻とし、「敵主力打撃群」(2-3ボス戦)、「東方派遣艦隊」(4-1ボス戦)、「敵任務部隊本隊」(5-5ボス戦)、「任務部隊 主力群」(6-5ボス戦)を各1回S勝利で達成
B122	精鋭「四戦隊」第二小隊、抜錨せよ！	「摩耶改二」及び「鳥海改二」から成る精鋭「第四戦隊」第二小隊を含む有力な艦隊を編成、南西諸島防衛線、東部オリョール海、アルフォンシーノ方面、カレー洋リランカ島沖に出撃、敵を撃滅せよ！\n\n※「摩耶改二」+「鳥海改二」+自由枠4隻とし、「敵機動部隊」(1-4ボス戦)、「敵主力打撃群」(2-3ボス戦)、「深海棲艦泊地艦隊」(3-3ボス戦)、「リランカ島港湾守備隊」(4-5ボス戦)を各1回S勝利で達成
B123	精強「十七駆」、北へ、南へ！	改装甲型駆逐艦「磯風乙改」「浜風乙改」「浦風丁改」「谷風丁改」4隻の精強「十七駆」を含む艦隊で鎮守府近海、キス島沖、ブルネイ泊地沖、南方海域前面に出撃、敵戦力と交戦、これを撃破せよ！\n\n※「磯風乙改」+「浜風乙改」+「浦風丁改」+「谷風丁改」+自由枠2隻とし、「敵通商破壊主力艦隊」(1-5ボス戦)、「敵キス島包囲艦隊」(3-2ボス戦)、「深海潜水艦隊集団　旗艦戦隊」(7-1ボス戦)、「敵南方前線司令艦隊」(5-1ボス戦)を各1回A勝利以上で達成
B124	「第七駆逐隊」、南西諸島を駆ける！	「曙」「潮」「漣」「朧」から成る「第七駆逐隊」2隻以上を含む有力な艦隊を編成、南西諸島近海、バシー海峡、東部オリョール海、沖ノ島海域の敵戦力を撃滅、南西諸島海域の制海権を確保せよ！\n\n※(「曙」「潮」「漣」「朧」)より2隻+自由枠4隻とし、「敵主力艦隊」(2-1ボス戦)、「敵通商破壊機動部隊 主力艦隊」(2-2ボス戦)、「敵主力打撃群」(2-3ボス戦)、「敵侵攻中核水上打撃部隊」(2-4ボス戦)に各1回S勝利で達成
B125	近海の警戒監視と哨戒活動を強化せよ！	軽巡旗艦、駆逐艦または海防艦2隻を含む艦隊を編成、南西諸島沖、製油所地帯沿岸、南西諸島防衛線、南西諸島近海、バシー海峡を哨戒、敵艦隊を捕捉撃滅、近海の制海権を確立せよ!\n\n※旗艦 軽巡+(駆逐艦/海防艦)2隻+自由枠3隻とし\n・(1-2) 南西諸島沖\n・(1-3) 製油所地帯沿岸\n・(1-4) 南西諸島防衛線\n・(2-1) 南西諸島近海\n・(2-2) バシー海峡\nのボス戦を各1回S勝利で達成
B126	主力オブ主力、抜錨開始！	甲型駆逐艦編成任務:夕雲型駆逐艦「夕雲改二」及び「巻雲改二」の2隻から成る精鋭第十駆逐隊を含む有力な艦隊を南方海域に投入、サブ島沖海域、サーモン海域、サーモン海域北方の敵を捕捉撃滅せよ！\n\n※「夕雲改二」+「巻雲改二」+自由枠4隻とし\n・(5-3) サブ島沖海域\n・(5-4) サーモン海域\n・(5-5) サーモン海域北方\nのボス戦をS勝利で達成
B127	冬季北方海域作戦	冬季北方作戦：軽巡級を旗艦とする有力な艦隊で、モーレイ海、アルフォンシーノ方面、北方海域全域及び北方AL海域に反復出撃！同海域に遊弋する敵艦隊を捕捉、これを撃滅し、北方海域制海権を確保せよ！\n\n※旗艦 軽巡級+自由枠5隻とし\n・(3-1) モーレイ海\n・(3-3) アルフォンシーノ方面\n・(3-4) 北方海域全域\n・(3-5) 北方AL海域\nのボス戦を各2回S勝利で達成
B128	「比叡」の出撃	「比叡」南方海域出撃任務：高速戦艦「比叡」を旗艦とする有力な艦隊で、南方海域サブ島海域及びサーモン海域に出撃。同作戦海域の敵艦隊と交戦、これを撃滅せよ！\n\n※旗艦「比叡」+自由枠5隻とし\n・(5-3) サブ島沖海域\n・(5-4) サーモン海域\nのボス戦を各1回S勝利で達成
B129	精鋭無比「第一戦隊」まかり通る！	第一艦隊第一戦隊、改装主力戦艦「長門改二」及び「陸奥改二」を中核とした水上打撃艦隊を編成、バシー海峡、北方AL海域戦闘哨戒、カレー洋リランカ島沖及び南方海域前面の敵を捕捉撃滅せよ！\n\n※第一艦隊 旗艦「長門型改二」+二番艦「長門型改二」+自由枠4隻とし\n・(2-2) バシー海峡\n・(3-5) 北方AL海域\n・(4-5) カレー洋リランカ島沖\n・(5-1) 南方海域前面\nのボス戦を各1回S勝利で達成
B130	精鋭無比「第一戦隊」まかり通る！【拡張作戦】	第一艦隊第一戦隊、改装主力戦艦「長門改二」及び「陸奥改二」を中核とした精鋭水上打撃艦隊を展開、南西諸島海域沖ノ島沖、南方海域サーモン海域北方、中部海域ピーコック島沖の敵戦力を撃滅せよ！\n\n※第一艦隊 旗艦「長門型改二」+二番艦「長門型改二」+自由枠4隻とし\n・(2-5) 沖ノ島沖\n・(5-5) サーモン海域北方\n・(6-4) 中部北海域ピーコック島沖\nのボス戦を各1回S勝利で達成
B131	航空戦艦戦隊、戦闘哨戒！	航空戦艦二隻を中核とする艦隊を編成、同艦隊で南西諸島防衛線、鎮守府近海及び東部オリョール海、タウイタウイ泊地沖に展開。同海域の脅威となる敵艦隊主力を捕捉、これを撃滅せよ！\n\n※航空戦艦2隻+自由枠4隻とし\n・(1-4) 南西諸島防衛線\n・(1-5) 鎮守府近海\n・(2-3) 東部オリョール海\n・(7-2-2/M) タウイタウイ泊地沖深部\nのボス戦を各1回S勝利で達成
B132	最精鋭「第四航空戦隊｣、出撃せよ！	｢日向改二」「伊勢改二」の最精鋭「四航戦」を含む第一艦隊で、鎮守府近海航路に反復出撃、さらに、カレー洋リランカ島沖、サーモン海域北方、KW環礁沖海域の敵艦隊を捕捉撃滅せよ！\n\n※第一艦隊に｢日向改二」+「伊勢改二」+自由枠4隻とし\n・(1-6) 鎮守府近海航路\nを2回クリア(ゴール地点へ到達)\n・(4-5) カレー洋リランカ島沖\n・(5-5) サーモン海域北方\n・(6-5) KW環礁沖海域\nのボス戦を各1回S勝利で達成
B133	重改装高速戦艦「金剛改二丙」、南方突入！	南方海域出撃任務：「金剛改二丙」を旗艦、随伴艦に金剛型1隻、駆逐艦2隻以上を含む艦隊で、南方海域前面、サブ島沖海域、サーモン海域、同海域北方に反復突入、各海域の敵を撃滅せよ！\n\n※旗艦「金剛改二丙」+随伴金剛型1隻+駆逐艦2隻+自由枠2隻とし\n・(5-1) 南方海域前面\n・(5-3) サブ島沖海域\n・(5-4) サーモン海域\n・(5-5) サーモン海域北方\nのボス戦を各2回S勝利で達成
B134	艦隊司令部の強化 【実施段階】	艦隊司令部強化：「大淀」を旗艦、随伴艦に「明石」または水上機母艦を含む艦隊を編成、同艦隊で東部オリョール海、アルフォンシーノ方面、西方ジャム島沖に反復出撃、敵艦隊を捕捉撃滅せよ！\n\n※旗艦「大淀」+(「明石」または水母)1隻+自由枠4隻とし\n・(2-3) 東部オリョール海\n・(3-3) アルフォンシーノ方面\n・(4-1) ジャム島沖\nのボス戦を各2回S勝利で達成
B135	近海哨戒を実施せよ！	哨戒任務：軽巡級1隻以上、駆逐艦または海防艦計3隻以上による艦隊で、鎮守府海域の南西諸島沖及び製油所地帯沿岸、南西諸島海域の南西諸島近海及びバシー海峡の哨戒を実施、敵を捕捉撃滅せよ！\n\n※軽巡級1隻+(駆逐/海防艦)3隻+自由枠2隻とし\n・(1-2) 南西諸島沖\n・(1-3) 製油所地帯沿岸\n・(2-1) 南西諸島近海\n・(2-2) バシー海峡\nのボス戦を各1回S勝利で達成
B136	精鋭「二四駆逐隊」出撃せよ！	二四駆出撃任務：「海風改二」を旗艦とし、「山風」「江風」「涼風」のうち2隻以上を含む艦隊を編成、東部オリョール海、沖ノ島海域、南方海域前面、サブ島沖海域に突入！敵艦隊を捕捉、撃滅せよ！\n\n※旗艦「海風改二」+（「山風」「江風」「涼風」）より2隻+自由枠3隻とし\n・(2-3) 東部オリョール海\n・(2-4) 沖ノ島海域\n・(5-1) 南方海域前面\n・(5-3) サブ島沖海域\nのボス戦を各1回S勝利で達成
B137	精強！「第一航空戦隊」出撃せよ！	第一艦隊旗艦「赤城改二(改二戊)」同二番艦「加賀」の第一航空戦隊を中核とした艦隊で、カレー洋リランカ島沖、珊瑚諸島沖に展開！さらにKW環礁沖海域に反復出撃！鎧袖一触！敵を粉砕せよ！\n\n※第一艦隊 旗艦「赤城改二/改二戊」+二番艦「加賀」+自由枠4隻とし\n・(4-5) カレー洋リランカ島沖\n・(5-2) 珊瑚諸島沖\nのボス戦を各1回S勝利\n・(6-5) KW環礁沖海域\nのボス戦を2回S勝利で達成
B138	「羽黒」「神風」、出撃せよ！	第五戦隊任務：「羽黒」「神風」を基幹として、他に重巡級1隻駆逐艦2隻、または駆逐艦4隻の艦隊で南西諸島近海、バシー海峡、東部オリョール海に出撃、敵艦隊と交戦、これを撃滅せよ！\n\n※「羽黒」+「神風」+(重巡級1隻+駆逐艦2隻+自由枠0隻の5隻編成)/(駆逐艦4隻の6隻編成)とし\n・(2-1) 南西諸島近海\n・(2-2) バシー海峡\n・(2-3) 東部オリョール海\nのボス戦を各1回S勝利で達成
B139	陸戦用装備の艦載運用実戦研究	陸戦用装備の艦載運用研究：水上機母艦または揚陸艦を含む艦隊を編成、西方海域カレー洋リランカ島沖及び中部北海域ピーコック島沖の各作戦において、敵地上戦力と交戦、これを複数回撃破せよ！\n\n※(水上機母艦/揚陸艦)1隻+自由枠5隻とし、\n・(4-5) カレー洋リランカ島沖\n・(6-4) 中部北海域ピーコック島沖\nのボス戦を各2回A勝利以上で達成？\nボス撃沈必須やB勝利可の報告が有り要検証\n\n※任務進捗変化\n(同一海域2回達成を1単位として)\n50%(1/2)→達成(2/2)
B140	「夕張改二」試してみてもいいかしら？	改装兵装実験軽巡「夕張改二」型を旗艦にした艦隊で、南西諸島沖ノ島沖、北方アルフォンシーノ方面、南方サブ島沖海域、中部グアノ環礁沖海域に展開！同戦域の敵艦隊主力を捜索、これを捕捉撃滅せよ！\n\n※旗艦「夕張改二/改二特/改二丁」+自由枠5隻とし\n・(2-5) 沖ノ島沖\n・(3-3) アルフォンシーノ方面\n・(5-3) サブ島沖海域\n・(6-3) グアノ環礁沖海域\nのボス戦を各1回S勝利で達成\n\n※任務進捗変化\n50%(2/4)→80%(3/4)→達成(4/4)
B141	新編「六水戦」出撃！後で感想、聞かせてね！	改装軽巡「夕張改二」型旗艦を含む第六水雷戦隊4隻以上を擁する艦隊で、鎮守府近海、鎮守府近海航路、さらに南西諸島バシー海峡、北方キス島沖、南西ブルネイ泊地沖の各作戦を、それぞれ完全成功させよ！\n\n※旗艦「夕張改二/改二特/改二丁」+(「睦月」「如月」「弥生」「卯月」「菊月」「望月」)より3隻+自由枠2隻とし\n・(1-5) 鎮守府近海\n・(2-2) バシー海峡\n・(3-2) キス島沖\n・(7-1) ブルネイ泊地沖\nのボス戦を各1回S勝利\n・(1-6) 鎮守府近海航路\nを1回クリア(ゴール地点へ到達)で達成？\n\n※任務進捗変化\n50%(3/5)→80%(4/5)→達成(5/5)
B142	再編「第三一駆逐隊」、抜錨せよ！	夕雲型駆逐艦「長波」「岸波」「朝霜」、そして「沖波改二」からなる再編第三一駆逐隊を含む艦隊を、製油所地帯沿岸、南西諸島防衛線、鎮守府近海、バシー海峡、東部オリョール海に展開、敵を撃破せよ！\n\n※「沖波改二」+「長波」+「岸波」+「朝霜」+自由枠2隻とし\n・(1-3) 製油所地帯沿岸\n・(1-4) 南西諸島防衛線\n・(1-5) 鎮守府近海\n・(2-2) バシー海峡\n・(2-3) 東部オリョール海\nのボス戦を各1回A勝利以上で達成\n\n※任務進捗変化\n50%(3/5)→80%(4/5)→達成(5/5)
B143	「第五航空戦隊」、縦横無尽！	航空母艦「翔鶴」「瑞鶴」、護衛随伴駆逐艦「朧」「秋雲」を中核とした機動部隊を編成。同機動部隊を北方AL海域、珊瑚諸島沖、タウイタウイ泊地沖深部、KW環礁沖海域に展開、敵艦隊を捕捉撃滅せよ！\n\n※「翔鶴」+「瑞鶴」+「朧」+「秋雲」+自由枠2隻とし\n・(3-5) 北方AL海域\n・(5-2) 珊瑚諸島沖\n・(7-2-2/M) タウイタウイ泊地沖深部\n・(6-5) KW環礁沖海域\nのボス戦を各1回S勝利で達成\n\n※任務進捗変化\n50%(2/4)→80%(3/4)→達成(4/4)
B144	「比叡改二丙」見参！第三戦隊、南方突入！	「比叡改二丙」含む金剛型高速戦艦2隻以上、軽巡級1隻、駆逐艦1隻以上を含む艦隊を南方海域に投入！\n南方海域前面、珊瑚諸島沖、サブ島沖海域、サーモン海域、同北方の敵艦隊を捕捉、これを撃滅せよ！\n\n※「比叡改二丙」+金剛型1隻+軽巡級1隻+駆逐艦1隻+自由枠2隻とし\n・(5-1) 南方海域前面\n・(5-2) 珊瑚諸島沖\n・(5-3) サブ島沖海域\n・(5-4) サーモン海域\n・(5-5) サーモン海域北方\nのボス戦を各1回S勝利で達成\n\n※任務進捗変化\n50%(3/5)→80%(4/5)→達成(5/5)
B145	改装航空軽巡「Gotland andra」、出撃！	「Gotland andra」旗艦、随伴駆逐艦1隻以上を含む艦隊で、南西諸島海域沖ノ島海域に出撃！\nさらに西方カレー洋海域、カスガダマ島、カレー洋リランカ島沖に展開！同方面の敵を撃滅せよ！\n\n※旗艦「Gotland andra」+駆逐艦1隻+自由枠4隻とし\n・(2-4) 沖ノ島海域\n・(4-2) カレー洋海域\n・(4-4) カスガダマ島\n・(4-5) カレー洋リランカ島沖\nのボス戦を各1回S勝利で達成\n\n※任務進捗変化\n50%(2/4)→80%(3/4)→達成(4/4)
B146	「Gotland」戦隊、進撃せよ！	「Gotland andra」旗艦、随伴駆逐艦1隻以上を含む艦隊で、南西諸島海域沖ノ島沖に進撃！\nさらに中部海域に展開、グアノ環礁沖海域、中部北海域ピーコック島沖、KW環礁沖海域の敵を撃滅せよ！\n\n※旗艦「Gotland andra」+駆逐艦1隻+自由枠4隻とし\n・(2-5) 沖ノ島沖\n・(6-3) グアノ環礁沖海域\n・(6-4) 中部北海域ピーコック島沖\n・(6-5) KW環礁沖海域\nのボス戦を各1回S勝利で達成\n\n※任務進捗変化\n50%(2/4)→80%(3/4)→達成(4/4)
B147	南西諸島海域合同哨戒	米出身(USS)艦娘を2隻以上含む艦隊で、南西諸島海域のバシー海峡、東部オリョール海、沖ノ島海域の哨戒を実施。各作戦海域における敵艦隊を捜索、これを捕捉撃滅せよ！\n\n※米艦娘2隻+自由枠4隻とし\n・(2-2) バシー海域\n・(2-3) 東部オリョール海\n・(2-4) 沖ノ島海域\nのボス戦を各1回S勝利で達成\n\n※任務進捗変化\n50%(1/3)→80%(2/3)→達成(3/3)
B148	合同艦隊旗艦、改装「Fletcher」、抜錨！	「Fletcher改 Mod.2」を旗艦とする米・英・豪・蘭出身の艦娘計3隻以上を含む艦隊を編成、同艦隊を南西諸島防衛線、沖ノ島沖、北方AL海域に展開！各作戦海域の敵艦隊と交戦、これを撃滅せよ！\n\n※旗艦「Fletcher改 Mod.2」+(米艦娘/英艦娘/豪艦娘/蘭艦娘)2隻+自由枠3隻とし\n・(1-4) 南西諸島防衛線\n・(2-5) 沖ノ島沖\n・(3-5) 北方AL海域\nのボス戦を各1回S勝利で達成\n\n※任務進捗変化\n50%(1/3)→80%(2/3)→達成(3/3)
B149	改装護衛駆逐艦「Fletcher Mk.II」作戦開始！	「Fletcher Mk.II」を旗艦とする米・英・豪・蘭出身の艦娘計3隻以上を含む精鋭艦隊を編成、同艦隊を鎮守府近海、ブルネイ泊地沖、MS諸島沖、KW環礁沖海域に反復出撃！敵艦隊を捕捉、撃滅せよ！\n\n※旗艦「Fletcher Mk.II」+(米艦娘/英艦娘/豪艦娘/蘭艦娘)2隻+自由枠3隻とし\n・(1-5) 鎮守府近海\n・(7-1) ブルネイ泊地沖\n・(6-2) MS諸島沖\n・(6-5) KW環礁沖海域\nのボス戦を各2回S勝利で達成\n\n※任務進捗変化\n(同一海域2回達成を1単位として)\n50%(2/4)→80%(3/4)→達成(4/4)
B150	合同艦隊作戦任務【拡張作戦】	【拡張作戦:甲作戦級】「Fletcher Mk.II」を含む米・英・豪・蘭出身の艦娘計4隻以上を含む精鋭艦隊を編成、カレー洋リランカ島沖、サーモン海域北方、中部北海域ピーコック島沖に反復出撃！敵戦力を撃滅せよ！\n\n※「Fletcher Mk.II」+(米艦娘/英艦娘/豪艦娘/蘭艦娘)3隻+自由枠2隻とし\n・(4-5) カレー洋リランカ島沖\n・(5-5) サーモン海域北方\n・(6-4) 中部北海域ピーコック島沖\nのボス戦を各2回S勝利で達成\n\n※任務進捗変化\n(同一海域2回達成を1単位として)\n50%(1/3)→80%(2/3)→達成(3/3)
B151	合同艦隊機動部隊、出撃せよ！	米・英出身航空母艦を1隻以上含む機動部隊で、西方海域リランカ島、北方海域全域、さらに南方海域珊瑚諸島沖、南西海域タウイタウイ泊地沖深部に展開、各方面の敵戦力を撃滅せよ！\n\n※米・英出身航空母艦1隻+自由枠5隻とし\n・(4-3) リランカ島\n・(3-4) 北方海域全域\n・(5-2) 珊瑚諸島沖\n・(7-2-2/M) タウイタウイ泊地沖深部\nのボス戦を各1回S勝利で達成\n\n※任務進捗変化\n50%(2/4)→80%(3/4)→達成(4/4)
B152	【航空母艦特別任務】航空戦隊、精鋭無比！	航空母艦特別任務：精強な正規空母2隻以上を擁する航空戦隊を中核とした機動部隊の精鋭で、南西諸島海域沖ノ島海域、同沖ノ島沖、西方海域リランカ島に出撃！各方面の敵戦力を撃滅せよ！\n\n※正規空母2隻+自由枠4隻とし\n・(2-4) 沖ノ島海域\n・(2-5) 沖ノ島沖\n・(4-3) リランカ島\nのボス戦を各1回S勝利で達成\n\n※任務進捗変化\n50%(1/3)→80%(2/3)→達成(3/3)
B153	改加賀型航空母艦「加賀改二」、抜錨！	旗艦「加賀改二」型航空母艦、僚艦に正規空母1隻以上を含む機動部隊を編成、西方海域カスガダマ島、カレー洋リランカ島沖、北方海域全域、南方海域珊瑚諸島沖に展開！各方面の敵戦力を撃滅せよ！\n\n※旗艦「加賀改二/改二戊/改二護」+正規空母1隻+自由枠4隻とし\n・(3-4) 北方海域全域\n・(4-4) カスガダマ島\n・(4-5) カレー洋リランカ島沖\n・(5-2) 珊瑚諸島沖\nのボス戦を各1回S勝利で達成\n\n※任務進捗変化\n50%(2/4)→80%(3/4)→達成(4/4)
B154	最精鋭「第一航空戦隊」、出撃！鎧袖一触！	「赤城改二」「加賀改二」型両航空母艦による最精鋭「第一航空戦隊」を中核とした艦隊で、サーモン海域北方、タウイタウイ泊地沖深部、中部海域MS諸島沖、同KW環礁沖海域に展開！敵を捕捉撃滅せよ！\n\n※「赤城改二/改二戊」+「加賀改二/改二戊/改二護」+自由枠4隻とし\n・(5-5) サーモン海域北方\n・(7-2-2/M) タウイタウイ泊地沖深部\n・(6-2) MS諸島沖\n・(6-5) KW環礁沖海域\nのボス戦を各1回S勝利で達成\n\n※任務進捗変化\n50%(2/4)→80%(3/4)→達成(4/4)
B155	重巡「羽黒」、出撃！ペナン沖海戦	重巡「羽黒」を旗艦とした5隻以下の艦隊で、南西海域マラッカ海峡に進出！ペナン島沖において、敵駆逐隊を捕捉、これに複数回痛打を与えよ！精強たる我が重巡「羽黒」、出撃せよ！\n\n※旗艦「羽黒」+自由枠4隻の総数5隻までの艦隊とし\n・(7-3-1/E) ペナン島沖\nのボス戦を4回A勝利以上で達成\n\n※任務進捗変化\n50%(2/4)→80%(3/4)→達成(4/4)
B156	静かな海を護る「鯨」、動き出す！	潜水母艦「大鯨」または「迅鯨」型を旗艦として、潜水艦/潜水空母2隻以上の第一艦隊を編成！同艦隊で南西諸島沖、製油所地帯沿岸、南西諸島近海、東部オリョール海を哨戒！各海域の制海権を保持せよ！\n\n※第一艦隊 旗艦(「大鯨」「迅鯨型」)より選択+(潜水艦/潜水空母)2隻+自由枠3隻とし\n・(1-2) 南西諸島沖\n・(1-3) 製油所地帯沿岸\n・(2-1) 南西諸島近海\n・(2-3) 東部オリョール海\nのボス戦を各1回S勝利で達成\n\n※任務進捗変化\n50%(2/4)→80%(3/4)→達成(4/4)
B157	主力オブ主力、縦横無尽ッ！	改装甲型駆逐艦4隻の精強第十駆逐隊を含む艦隊で、南西諸島防衛線、バシー海峡、キス島沖、ジャム島沖、マラッカ海峡ペナン島沖深部に展開！各海域の敵艦隊主力を捕捉、これを撃滅せよ！\n\n※「秋雲改二」+「夕雲改二」+「巻雲改二」+「風雲改二」+自由枠2隻とし\n・(1-4) 南西諸島防衛線\n・(2-2) バシー海峡\n・(3-2) キス島沖\n・(4-1) ジャム島沖\n・(7-3-2/P) ペナン島沖深部\nのボス戦で各1回S勝利で達成\n\n※任務進捗変化\n50%(3/5)→80%(4/5)→達成(5/5)
B158	精鋭「二七駆」、回避運動は気をつけて！	第二七駆逐隊特別任務：改装白露型一番艦「白露改二」及び同二番艦「時雨改二」を含む艦隊で、鎮守府近海、沖ノ島沖、ブルネイ泊地沖、サーモン海域北方、グアノ環礁沖海域に出撃！敵を駆逐せよ！\n\n※「白露改二」+「時雨改二」+自由枠4隻とし\n・(1-5) 鎮守府近海\n・(2-5) 沖ノ島沖\n・(7-1) ブルネイ泊地沖\n・(5-5) サーモン海域北方\n・(6-3) グアノ環礁沖海域\nのボス戦を各1回S勝利で達成\n\n※任務進捗変化\n50%(3/5)→80%(4/5)→達成(5/5)
B159	【艦隊司令部強化】艦隊旗艦、出撃せよ！	旗艦に「大淀」型軽巡または駆逐艦「丹陽」、他に駆逐艦/海防艦3隻以上を擁する第一艦隊を編成、製油所地帯沿岸、南西諸島防衛線、南西諸島近海、バシー海峡に複数回出撃！海域を防衛せよ！\n\n※第一艦隊 旗艦(「大淀」または「丹陽」)+(駆逐/海防)3隻+自由枠2隻とし\n・(1-3) 製油所地帯沿岸\n・(1-4) 南西諸島防衛線\n・(2-1) 南西諸島近海\n・(2-2) バシー海峡\nのボス戦を各2回S勝利で達成\n※旗艦「雪風改二」では達成不可\n\n※任務進捗変化\n(同一海域2回達成を1単位として)\n50%(2/4)→80%(3/4)→達成(4/4)
B160	奇跡の駆逐艦「雪風」、再び出撃す！	旗艦に「丹陽」または帰還後の「雪風改二」を配備した精強な艦隊で、東部オリョール海、沖ノ島海域、沖ノ島沖、アルフォンシーノ方面、マラッカ海峡ペナン島沖深部に展開！敵艦隊主力を捕捉撃滅せよ！\n\n※旗艦(「丹陽」または「雪風改二」)+自由枠5隻とし\n・(2-3) 東部オリョール海\n・(2-4) 沖ノ島海域\n・(2-5) 沖ノ島沖\n・(3-3) アルフォンシーノ方面\n・(7-3-2/P) ペナン島沖深部\nのボス戦を各1回S勝利で達成？\n\n※任務進捗変化\n50%(3/5)→80%(4/5)→達成(5/5)
B161	最精強！「呉の雪風」「佐世保の時雨」	歴戦の精鋭駆逐艦「雪風改二」及び「時雨改二」を配備した艦隊で、サブ島沖海域、サーモン海域北方、カレー洋リランカ島沖、中部北海域ピーコック島沖、KW環礁沖海域に突入！敵戦力を撃滅せよ！\n\n※「雪風改二」+「時雨改二」+自由枠4隻とし\n・(5-3) サブ島沖海域\n・(5-5) サーモン海域北方\n・(4-5) カレー洋リランカ島沖\n・(6-4) 中部北海域ピーコック島沖\n・(6-5) KW環礁沖海域\nのボス戦を各1回S勝利で達成\n\n※任務進捗変化\n50%(3/5)→80%(4/5)→達成(5/5)
B162	北の海から愛をこめて	任意の艦隊で、北方海域モーレイ海、キス島沖、アルフォンシーノ方面、北方海域全域、北方AL海域において敵艦隊と交戦、これらを撃破、北方の海の制海権を確保せよ！\n\n※編成自由の艦隊とし\n・(3-1) モーレイ海\n・(3-2) キス島沖\n・(3-3) アルフォンシーノ方面\n・(3-4) 北方海域全域\n・(3-5) 北方AL海域\nのボス戦を各1回A勝利以上で達成\n\n※任務進捗変化\n50%(3/5)→80%(4/5)→達成(5/5)
B163	球磨型軽巡一番艦、出撃だクマ！	改装軽巡「球磨改二/球磨改二丁」旗艦の艦隊を、鎮守府近海航路、南西諸島バシー海峡、北方海域キス島沖、南西海域マラッカ海峡ペナン島沖深部へ展開！各方面の作戦を成功させよ！\n\n※旗艦「球磨改二/改二丁」+自由枠5隻とし\n・(2-2) バシー海峡\n・(3-2) キス島沖\n・(7-3-2/P) ペナン島沖深部\nのボス戦を各1回S勝利\n・(1-6) 鎮守府近海航路\nを1回クリア(ゴール地点へ到達)で達成\n\n※任務進捗変化\n50%(2/4)→80%(3/4)→達成(4/4)
B164	改装最新鋭軽巡「能代改二」、出撃せよ！	旗艦に「能代改二」、同指揮下に駆逐艦3隻以上を配備した艦隊で、沖ノ島海域、キス島沖、サブ島沖海域、ブルネイ泊地沖、タウイタウイ泊地沖深部に出撃！敵艦隊を捕捉撃滅せよ！\n\n※旗艦「能代改二」+駆逐3隻+自由枠2隻とし\n・(2-4) 沖ノ島海域\n・(3-2) キス島沖\n・(5-3) サブ島沖海域\n・(7-1) ブルネイ泊地沖\n・(7-2-2/M) タウイタウイ泊地沖深部\nのボス戦を各1回S勝利で達成？\n\n※任務進捗変化\n50%(3/5)→80%(4/5)→達成(5/5)
B165	精鋭「第七駆逐隊」、出撃せよ！	精鋭七駆任務：第七駆逐隊「曙改二」「潮改二」を含む精鋭艦隊で、南西諸島海域東部オリョール海、北方海域キス島沖、西方海域カスガダマ島、南方海域サーモン海域に展開、敵艦隊を撃滅せよ！\n\n※「曙改二」+「潮改二」+自由枠4隻とし\n・(2-3) 東部オリョール海\n・(3-2) キス島沖\n・(4-4) カスガダマ島\n・(5-4) サーモン海域\nのボス戦を各1回S勝利で達成\n\n※任務進捗変化\n50%(2/4)→80%(3/4)→達成(4/4)
B166	改装航空巡洋艦「最上」、抜錨せよ！	旗艦に改装航空巡洋艦「最上改二(改二特含む)」を配備した精鋭艦隊で、南西諸島海域バシー海峡、沖ノ島海域、西方海域カレー洋リランカ島沖、南方海域前面に展開、敵艦隊を撃滅せよ！\n\n※旗艦「最上改二/改二特」+自由枠5隻とし\n・(2-2) バシー海峡\n・(2-4) 沖ノ島海域\n・(4-5) カレー洋リランカ島沖\n・(5-1) 南方海域前面\nのボス戦を各1回S勝利で達成\n\n※任務進捗変化\n50%(2/4)→80%(3/4)→達成(4/4)
B167	西村艦隊、精鋭先行掃討隊、前進せよ！	「最上改二(改二特含む)」旗艦、時雨・満潮・朝雲・山雲より2隻を配備した艦隊で、東部オリョール海、中部北海域ピーコック島沖、タウイタウイ泊地沖深部、マラッカ海峡ペナン島沖深部の敵を撃滅せよ！\n\n※旗艦「最上改二/改二特」+(「時雨」「満潮」「朝雲」「山雲」)より2隻+自由枠3隻とし\n・(2-3) 東部オリョール海\n・(6-4) 中部北海域ピーコック島沖\n・(7-2-2/M) タウイタウイ泊地沖深部\n・(7-3-2/P) ペナン島沖深部\nのボス戦を各1回S勝利で達成\n\n※任務進捗変化\n50%(2/4)→80%(3/4)→達成(4/4)
B168	二水戦旗艦、この「矢矧」が預かります！	旗艦に「矢矧改二(改二乙含む)」、随伴駆逐艦2隻を配備した精鋭水雷戦隊で、南西諸島防衛線、沖ノ島沖、サブ島沖海域、サーモン海域北方の敵艦隊を撃滅せよ！二水戦旗艦「矢矧」、抜錨！\n\n※旗艦「矢矧改二/改二乙」+駆逐2隻+自由枠3隻とし\n・(1-4) 南西諸島防衛線\n・(2-5) 沖ノ島沖\n・(5-3) サブ島沖海域\n・(5-5) サーモン海域北方\nのボス戦を各1回S勝利で達成\n\n※任務進捗変化\n50%(2/4)→80%(3/4)→達成(4/4)
B169	新しき翼。改装航空母艦「龍鳳」、出撃せよ！	旗艦に「龍鳳改二(改二戊含む)」、随伴に「時雨改二」を編成した第一艦隊で南西諸島海域バシー海峡、東部オリョール海、沖ノ島海域、沖ノ島沖、タウイタウイ泊地沖深部へ出撃。敵艦隊を捕捉撃滅せよ！\n\n※第一艦隊 旗艦「龍鳳改二/改二戊」+「時雨改二」+自由枠4隻とし\n・(2-2) バシー海峡\n・(2-3) 東部オリョール海\n・(2-4) 沖ノ島海域\n・(2-5) 沖ノ島沖\n・(7-2-2/M) タウイタウイ泊地沖深部\nのボス戦を各1回S勝利で達成\n\n※任務進捗変化\n50%(3/5)→80%(4/5)→達成(5/5)
B170	改装特務空母「Gambier Bay Mk.II」抜錨！	旗艦「Gambier Bay Mk.II」、僚艦に「Fletcher級駆逐艦」1隻以上を含む第一艦隊で、沖ノ島海域、北方AL海域の敵艦隊を反復撃滅、中部北海域ピーコック島沖に反復展開、同地の敵を撃破せよ！\n\n※第一艦隊 旗艦「Gambier Bay Mk.II」+(「Johnston」「Fletcher」)より1隻+自由枠4隻とし\n・(2-4) 沖ノ島海域\n・(3-5) 北方AL海域\nのボス戦を各2回S勝利\n・(6-4) 中部北海域ピーコック島沖\nのボス戦を各2回A勝利以上で達成\n\n※任務進捗変化\n(同一海域2回達成を1単位として)\n50%(1/3)→80%(2/3)→達成(3/3)
B171	【作戦準備】第二段階任務(対地/対空整備)	作戦準備(第二段階任務)：駆逐艦を3隻以上編成した艦隊で、製油所地帯沿岸、南西諸島防衛線、南西諸島近海、南西諸島海域バシー海峡へ出撃、各作戦海域の敵を撃滅、制海権を確保せよ！\n\n※駆逐艦3隻+自由枠3隻とし\n・(1-3) 製油所地帯沿岸\n・(1-4) 南西諸島防衛線\n・(2-1) 南西諸島近海\n・(2-2) バシー海峡\nのボス戦を各1回S勝利で達成\n\n※任務進捗変化\n50%(2/4)→80%(3/4)→達成(4/4)
B172	「山風改二」、抜錨せよ！	「山風改二/丁」を旗艦として、駆逐艦及び海防艦計3隻以上を編成した艦隊で、南西諸島沖、製油所地帯沿岸、南西諸島防衛線、鎮守府近海へ出撃！近海に侵入した敵を撃滅せよ！\n\n※旗艦「山風改二/改二丁」+随伴(駆逐艦/海防艦)2隻+自由枠3隻とし\n・(1-2) 南西諸島沖\n・(1-3) 製油所地帯沿岸\n・(1-4) 南西諸島防衛線\n・(1-5) 鎮守府近海\nのボス戦を各1回S勝利で達成\n\n※任務進捗変化\n50%(2/4)→80%(3/4)→達成(4/4)
B173	改白露型駆逐艦「山風改二」、奮戦す！	「山風改二/丁」「江風改二」「海風改二」のうち2隻以上を含む艦隊で、南西諸島海域バシー海峡、タウイタウイ泊地沖深部、南方海域前面、中部北海域ピーコック島沖へ出撃、敵戦力を撃滅せよ！\n\n※(「山風改二/改二丁」「江風改二」「海風改二」)より2隻+自由枠4隻とし\n・(2-2) バシー海峡\n・(7-2-2/M) タウイタウイ泊地沖深部\n・(5-1) 南方海域前面\n・(6-4) 中部北海域ピーコック島沖\nのボス戦を各1回S勝利で達成\n\n※任務進捗変化\n50%(2/4)→80%(3/4)→達成(4/4)
B174	奮戦！精鋭「第十五駆逐隊」第一小隊	第十五駆逐隊任務：「親潮改二」及び「黒潮改二」を配備した艦隊で、南西諸島海域沖ノ島海域、南方海域サーモン海域、南西海域タウイタウイ泊地沖深部へ反復出撃。敵艦隊を捕捉撃滅せよ！\n\n※「親潮改二」+「黒潮改二」+自由枠4隻とし\n・(2-4) 沖ノ島海域\n・(5-4) サーモン海域\n・(7-2-2/M) タウイタウイ泊地沖深部\nのボス戦を各2回S勝利で達成\n\n※任務進捗変化\n(同一海域2回達成を1単位として)\n50%(1/3)→80%(2/3)→達成(3/3)
B175	南西海域「基地航空隊」開設！	南西諸島近海、バシー海峡、東部オリョール海、ペナン島沖深部の敵艦隊を撃滅！昭南本土航路で台湾に寄港。「設営隊」x1を用意して、同地にエアカバーする南西海域「基地航空隊」を展開せよ！\n\n※編成自由の艦隊とし\n・(2-1) 南西諸島近海\n・(2-2) バシー海峡\n・(2-3) 東部オリョール海\n・(7-3-2/P) ペナン島沖深部\nのボス戦を各1回S勝利、及び\n・(7-4) 昭南本土航路\nのOマス到達で達成\n\n※任務進捗変化\n50%(3/5)→80%(4/5)→達成(5/5)\n\n※消費アイテム\n・設営隊 -1
B176	海上護衛！ヒ船団を護り抜け！	ヒ船団海上護衛任務：南西海域：昭南本土航路における作戦を完遂し、昭南から本土方面に向かうヒ船団を、その脅威から護り抜け！艦隊、基地航空隊、出撃せよ！\n\n※編成自由の艦隊とし\n・(7-4) 昭南本土航路\nのゲージ撃破で達成\n(ゲージ撃破後の受諾でも達成可)\n\n※任務進捗変化\n(0/1)→達成(1/1)
B177	航空母艦「雲鷹」、抜錨せよ！	空母「雲鷹」(※八幡丸も可)を旗艦とした艦隊を編成、昭南本土航路、タウイタウイ泊地深部、沖ノ島沖、中部北海域ピーコック島沖の敵戦力を撃破せよ！　航空母艦「雲鷹」、出撃！\n\n※旗艦「八幡丸/雲鷹/改/改二」+自由枠5隻とし\n・(2-5) 沖ノ島沖\n・(7-2-2/M) タウイタウイ泊地沖深部\n・(7-4) 昭南本土航路\n・(6-4) 中部北海域ピーコック島沖\nのボス戦を各1回A勝利以上で達成\n\n※任務進捗変化\n50%(2/4)→80%(3/4)→達成(4/4)
B178	改特型駆逐艦「天霧改二」、出撃す！	「天霧改二/丁」、さらに「青葉」「大井」「狭霧」中の2隻を含む艦隊で、バシー海峡、ペナン島沖深部、南方海域前面、サーモン海域、中部北海域ピーコック島沖へ出撃！全力で敵艦隊を捕捉撃滅せよ！\n\n※「天霧改二/改二丁」+(「青葉」「大井」「狭霧」)より2隻+自由枠3隻とし\n・(2-2) バシー海峡\n・(7-3-2/P) ペナン島沖深部\n・(5-1) 南方海域前面\n・(5-4) サーモン海域\n・(6-4) 中部北海域ピーコック島沖\nのボス戦を各1回S勝利で達成\n\n※任務進捗変化\n50%(3/5)→80%(4/5)→達成(5/5)
B179	第十六戦隊、改装「浦波改二」出撃します！	「浦波改二」、さらに「青葉」「鬼怒」を含む艦隊で、南西諸島防衛線、東部オリョール海、沖ノ島沖、タウイタウイ泊地沖深部、昭南本土航路へ出撃！敵艦隊を捕捉撃滅せよ！\n\n※「浦波改二」+「青葉」+「鬼怒」+自由枠3隻とし\n・(1-4) 南西諸島防衛線\n・(2-3) 東部オリョール海\n・(2-5) 沖ノ島沖\n・(7-2-2/M) タウイタウイ泊地沖深部\n・(7-4) 昭南本土航路\nのボス戦を各1回S勝利で達成\n\n※任務進捗変化\n50%(3/5)→80%(4/5)→達成(5/5)
B180	「磯波改二」、抜錨せよ！	改装特I型駆逐艦「磯波改二」を含む有力な艦隊で、鎮守府海域南西諸島沖、製油所地帯沿岸、さらに南方海域前面に展開！各作戦海域の敵艦隊を捕捉、これを撃滅せよ！\n\n※「磯波改二」+自由枠5隻とし\n・(1-2) 南西諸島沖\n・(1-3) 製油所地帯沿岸\n・(5-1) 南方海域前面\nのボス戦を各1回S勝利で達成\n\n※任務進捗変化\n50%(1/3)→80%(2/3)→達成(3/3)
B181	改大和型戦艦「大和改二」、出撃せよ！	旗艦「大和改二/重」、随伴艦軽巡1隻、駆逐艦2隻以上の艦隊で、鎮守府海域南西諸島防衛線、南西諸島海域沖ノ島沖、南方海域前面、西方海域カスガダマ島に出撃！敵艦隊を撃滅せよ！\n\n※旗艦「大和改二/改二重」+軽巡1隻+駆逐艦2隻+自由枠2隻とし\n・(1-4) 南西諸島防衛線\n・(2-5) 沖ノ島沖\n・(5-1) 南方海域前面\n・(4-4) カスガダマ島\nのボス戦を各1回S勝利で達成\n\n※任務進捗変化\n50%(2/4)→80%(3/4)→達成(4/4)
B182	見敵必殺！最精鋭大和型「第一戦隊」抜錨！	改大和型戦艦二隻「大和改二/重」及び「武蔵改二」、随伴駆逐艦2隻以上の艦隊を展開！カレー洋リランカ島沖、サブ島沖海域、タウイタウイ泊地沖深部、KW環礁沖海域の敵を撃滅せよ！\n\n※「大和改二/改二重」+「武蔵改二」+駆逐艦2隻+自由枠2隻とし\n・(4-5) カレー洋リランカ島沖\n・(5-3) サブ島沖海域\n・(7-2-2/M) タウイタウイ泊地沖深部\n・(6-5) KW環礁沖海域\nのボス戦を各1回S勝利で達成\n\n※任務進捗変化\n50%(2/4)→80%(3/4)→達成(4/4)
B183	【拡張作戦】重改装「大和改二重」、出撃！	【拡張作戦】重改装「大和改二重」を旗艦とする有力な艦隊で、ペナン島沖深部、昭南本土航路、サーモン海域北方、中部北海域ピーコック島沖に出撃！各戦域の敵戦力を撃滅粉砕せよ！\n\n※旗艦「大和改二重」+自由枠5隻とし\n・(7-3-2/P) ペナン島沖深部\n・(7-4) 昭南本土航路\n・(5-5) サーモン海域北方\n・(6-4) 中部北海域ピーコック島沖\nのボス戦を各1回S勝利で達成\n\n※任務進捗変化\n50%(2/4)→80%(3/4)→達成(4/4)
B184	抜錨！精強「第十五駆逐隊」	第十五駆逐隊「早潮改二」「親潮改二」「黒潮改二」のうち二隻以上を含む艦隊で、沖ノ島海域、南方海域サーモン海域、サーモン海域北方、中部北海域ピーコック島沖の敵戦力を撃滅せよ！\n\n※(「早潮改二」「親潮改二」「黒潮改二」)より2隻+自由枠4隻とし\n・(2-4) 沖ノ島海域\n・(5-4) サーモン海域\n・(5-5) サーモン海域北方\n・(6-4) 中部北海域ピーコック島沖\nボス戦を各1回S勝利で達成\n\n※任務進捗変化\n50%(2/4)→80%(3/4)→達成(4/4)
B185	米駆逐艦部隊の奮戦	「Fletcher級」及び「John C.Butler級」のうち二隻以上を含む艦隊で、南西諸島東部オリョール海、中部北海域ピーコック島沖、南西海域ペナン島沖深部、昭南本土航路に反復出撃！敵を撃滅せよ！\n\n※(「Fletcher級」「John C.Butler級」)より2隻+自由枠4隻とし\n・(2-3) 東部オリョール海\n・(6-4) 中部北海域ピーコック島沖\n・(7-3-2/P) ペナン島沖深部\n・(7-4) 昭南本土航路\nボス戦を各2回S勝利で達成\n\n※任務進捗変化\n(同一海域2回達成を1単位として)\n50%(2/4)→80%(3/4)→達成(4/4)
B186	Samuel B.Roberts Mk.II、抜錨せよ！	改装されたSamuel B.Roberts Mk.IIを旗艦とする艦隊で、鎮守府近海、鎮守府近海航路を守り、南西諸島バシー海峡、北方AL海域に出撃、同海域の敵艦隊を撃滅せよ！　Thanks a lot !\n\n※旗艦「Samuel B.Roberts Mk.II」+自由枠5隻とし\n・(1-5) 鎮守府近海\n・(2-2) バシー海峡\n・(3-5) 北方AL海域\nのボス戦を各1回S勝利?\n・(1-6) 鎮守府近海航路\nを1回クリア(ゴール地点へ到達)で達成\n\n※任務進捗変化\n50%(2/4)→80%(3/4)→達成(4/4)
B187	不屈敢闘「Taffy Ⅲ」、Weigh anchor!	「Gambier Bay」「Johnston」「Samuel B.Roberts」基幹の“Taffy Ⅲ”を編成、東部オリョール海、沖ノ島沖、カレー洋リランカ島沖、サーモン海域北方に展開、同海域の敵を捕捉、これを撃滅せよ！\n\n※「Gambier Bay」+「Johnston」+「Samuel B.Roberts」+自由枠3隻とし\n・(2-3) 東部オリョール海\n・(2-5) 沖ノ島沖\n・(4-5) カレー洋リランカ島沖\n・(5-5) サーモン海域北方\nのボス戦を各1回S勝利?で達成\n\n※任務進捗変化\n50%(2/4)→80%(3/4)→達成(4/4)
B188	機動部隊旗艦「鳳翔改二」、前線に出撃せよ！	「鳳翔改二/戦」を旗艦とする艦隊で、南西諸島海域沖ノ島沖、北方AL海域、カレー洋リランカ島沖、南方海域珊瑚諸島沖、中部北海域ピーコック島沖、昭南本土航路に展開！敵戦力を撃滅せよ！\n\n※旗艦「鳳翔改二/改二戦」+自由枠5隻とし、\n・(2-5) 沖ノ島沖\n・(3-5) 北方AL海域\n・(4-5) カレー洋リランカ島沖\n・(5-2) 珊瑚諸島沖\n・(6-4) 中部北海域ピーコック島沖\n・(7-4) 昭南本土航路\nのボス戦を各1回S勝利で達成\n\n※任務進捗変化\n50%(3/6)→80%(5/6)→達成(6/6)
B189	改装特I型駆逐艦「深雪改二」、出撃せよ！	改装特I型駆逐艦「深雪改二」及び同僚艦に吹雪型駆逐艦1隻を含む精鋭艦隊で、北方キス島沖、南方サブ島沖海域、中部北海域ピーコック島沖、南西海域ペナン島沖深部の敵戦力を撃滅せよ！\n\n※「深雪改二」+吹雪型1隻+自由枠4隻とし\n・(3-2) キス島沖\n・(5-3) サブ島沖海域\n・(6-4) 中部北海域ピーコック島沖\n・(7-3-2/P) ペナン島沖深部\nのボス戦を各1回S勝利で達成\n\n※任務進捗変化\n50%(2/4)→80%(3/4)→達成(4/4)
B190	改金剛型高速戦艦「榛名改二乙/丙」、抜錨！	「榛名改二乙/丙」「金剛改二丙」及び駆逐艦2隻以上を含む精鋭艦隊で、バシー海峡、沖ノ島海域、ジャワ島沖最深部、リランカ島、南方サブ島沖海域、サーモン海域の敵戦力を撃滅せよ！抜錨！\n\n※「榛名改二乙/丙」+「金剛改二丙」+駆逐艦2隻+自由枠2隻とし\n・(2-2) バシー海峡\n・(2-4) 沖ノ島海域\n・(7-5-3/T) ジャワ島沖深部\n・(4-3) リランカ島\n・(5-3) サブ島沖海域\n・(5-4) サーモン海域\nのボス戦を各1回S勝利で達成\n\n※任務進捗変化;\n50%(3/6)→80%(5/6)→達成(6/6)
B191	【海上護衛作戦】海上補給線を確保せよ！	海上護衛任務：海防艦3隻または駆逐艦4隻または水上機母艦2隻を含む艦隊で、製油所地帯沿岸、鎮守府近海、鎮守府近海航路、南西諸島バシー海峡に反復出撃！重要な海上補給線を確保せよ！\n\n※海防艦3隻+自由枠3隻\n駆逐艦4隻+自由枠2隻\n水母2隻+自由枠4隻　のいずれかとし\n・(1-3) 製油所地帯沿岸\n・(1-5) 鎮守府近海\n・(2-2) バシー海峡\nのボス戦を各2回S勝利以上、及び\n・(1-6) 鎮守府近海航路\n2回クリア(ゴール地点へ到達)で達成\n\n※任務進捗変化(2回クリア(ゴール地点へ到達)を1単位とする)\n50%(2/4)→80%(3/4)→達成(4/4)\n\n
B192	改装白露型精鋭駆逐艦「時雨改三」出撃す！	「時雨改三」及び第二七駆逐隊(白露・有明・夕暮)僚艦1隻を含む艦隊で、沖ノ島沖、昭南本土航路、カレー洋リランカ島沖、サーモン海域北方、中部北海域ピーコック島沖の敵戦力を撃滅せよッ！\n\n※「時雨改三」+(「白露」「有明」「夕暮」)より1隻+自由枠4隻とし\n・(2-5) 沖ノ島沖\n・(7-4) 昭南本土航路\n・(4-5) カレー洋リランカ島沖\n・(5-5) サーモン海域北方\n・(6-4) 中部北海域ピーコック島沖\nのボス戦を各1回S勝利？で達成\n\n※任務進捗変化
B193	改装駆逐艦「天津風改二」、抜錨せよ！	改装駆逐艦「天津風改二」旗艦の艦隊で、南西諸島海域沖ノ島沖、中部北海域ピーコック島沖、南方海域サブ島沖海域及びサーモン海域、南西海域昭南本土航路に展開！敵戦力を撃滅せよ！\n\n※旗艦「天津風改二」+自由枠5隻とし\n・(2-5) 沖ノ島沖\n・(7-4) 昭南本土航路\n・(5-3) サブ島沖海域\n・(5-4) サーモン海域\n・(6-4) 中部北海域ピーコック島沖\nのボス戦を各1回S勝利？で達成\n\n※任務進捗変化\n50%(3/5)→80%(4/5)→達成(5/5)
B194	主力オブ主力「清霜改二」、出撃せよ！	改夕雲型駆逐艦「清霜改二/丁」、さらに随伴艦に「霞」「朝霜」「大淀」「足柄」から２隻配備。同艦隊でバシー海峡、東部オリョール海、沖ノ島海域、昭南本土航路に出撃！各海域の敵戦力を撃滅せよ！\n\n「清霜改二/丁」+（「霞」「朝霜」「大淀」「足柄」）より2隻+自由枠3隻とし\n・(2-2) バシー海峡\n・(2-3) 東部オリョール海\n・(2-4) 沖ノ島海域\n・(7-4) 昭南本土航路\nのボス戦を各1回S勝利？で達成\n\n※任務進捗変化\n50%(2/4)→80%(3/4)→達成(4/4)
B195	【潜水艦任務】潜水艦、戦闘哨戒！	USS潜水艦「Salmon」または「Scamp」を旗艦とした艦隊で、南西諸島沖海域、製油所地帯沿岸、東部オリョール海、北方モーレイ海の戦闘哨戒を実施！各海域の敵艦隊を痛打！これを撃滅せよ！\n\n※旗艦「Salmon」または「Scamp」＋自由枠5隻とし\n・(1-2) 南西諸島沖\n・(1-3) 製油所地帯沿岸\n・(2-3) 東部オリョール海\n・(3-1) モーレイ海\nのボス戦を各1回S勝利で達成
B196	改装航空巡洋艦「三隈」、進発せよ！	旗艦に改装航空巡洋艦「三隈改二/改二特」を配備した艦隊で、南西諸島海域東部オリョール海、沖ノ島海域、西方海域カレー洋リランカ島沖、中部北海域ピーコック島沖に展開、敵艦隊を撃滅せよ！\n\n※旗艦「三隈改二/改二特」+自由枠5隻とし、\n・(2-3) 東部オリョール海\n・(2-4) 沖ノ島海域\n・(4-5) カレー洋リランカ島沖\n・(6-4) 中部北海域ピーコック島沖\nのボス戦を各1回S勝利で達成\n\n※任務進捗変化\n？→？→？
Bd1	敵艦隊を撃破せよ！	艦隊を出撃させ、敵艦隊を捕捉、これを撃滅せよ！\n\n※どこでも1回勝利で達成
Bd2	敵艦隊主力を撃滅せよ！	艦隊を出撃させ、敵艦隊「主力」を捕捉！これを撃滅せよ！\n\n※戦闘(敗北でも可)を1回することで任務達成\n
Bd3	敵艦隊を10回邀撃せよ！	艦隊全力出撃！遊弋する敵艦隊を10回邀撃せよ！\n\n※戦闘10回で達成。全て敗北でもよい
Bd4	敵空母を３隻撃沈せよ！	艦隊の脅威となる敵空母群。これを捕捉撃滅し、3隻轟沈せよ！\n\n※敵の(空母/軽空母)を3隻撃沈で達成\n\n(※装甲空母姫・装甲空母鬼は敵空母に含まれない)
Bd5	敵補給艦を3隻撃沈せよ！	艦隊を出撃させ、敵補給艦を捕捉、これを撃滅せよ！\n\n※輸送船と補給艦は同じ扱い\n\n(※輸送船の出現海域)
Bd6	敵輸送船団を叩け！	敵の輸送船5隻以上を撃沈し、敵の補給路を寸断せよ！\n\n※輸送船と補給艦は同じ扱い\n\n(※輸送船の出現海域)
Bd7	南西諸島海域の制海権を握れ！	艦隊を南西諸島海域に全力出撃させ、多数の敵艦隊「主力」群を捕捉、撃滅せよ！\n\n※編成自由の艦隊とし\n・(2-1) 南西諸島近海\n・(2-2) バシー海峡\n・(2-3) 東部オリョール海\n・(2-4) 沖ノ島海域\n・(2-5) 沖ノ島沖\nより任意のボス戦の組み合わせで5回B勝利以上で達成\n\n※任務進捗変化\n50%(3/5)→80%(4/5)→達成(5/5)\n\n(※鎮守府海域の「南西諸島沖(1-2)」「南西諸島防衛線(1-4)」は含まれない)
Bd8	敵潜水艦を制圧せよ！	対潜能力の充実した艦隊で出撃、敵潜水艦狩りを実施せよ！\n\n※潜水艦6隻撃沈で達成
Bw1	あ号作戦	1週間の全力出撃を行い、可能な限り多くの敵艦隊を捕捉、これを迎撃せよ！\n\n※以下の全条件を満たすことで達成*24\n・出撃 36回\n・S勝利 6回\n・ボス到達 24回\n・ボス戦勝利 12回\n\n※進行度の算出方法が特殊
Bw2	い号作戦	有力な母艦航空隊で1週間の全力出撃を行い、可能な限り多くの敵空母を撃滅せよ！\n\n※敵の(空母/軽空母)を20隻撃沈で達成\n\n(※装甲空母姫・装甲空母鬼は敵空母に含まれない)
Bw3	海上通商破壊作戦	1週間で敵輸送船を20隻以上撃沈せよ！\n\n※輸送船20隻撃沈で達成\n(※輸送船の出現海域)
Bw4	ろ号作戦	1週間の全力出撃を行い、敵輸送船団を捕捉・撃滅、敵の補給路を寸断せよ！\n\n※輸送船50隻撃沈で達成\n(※輸送船の出現海域)
Bw5	海上護衛戦	有力な対潜能力を持つ海上護衛隊によって、可能な限り多くの敵潜水艦を撃滅せよ！\n\n※潜水艦15隻撃沈で達成
Bw6	敵東方艦隊を撃滅せよ！	西方海域に出撃し、敵東方艦隊の主力を捕捉、これを撃滅せよ！\n\n※編成自由の艦隊とし\n・(4-1) ジャム島沖\n・(4-2) カレー洋海域\n・(4-3) リランカ島\n・(4-4) カスガダマ島\n・(4-5) カレー洋リランカ島沖\nより任意のボス戦の組み合わせで12回B勝利以上で達成\n\n※任務進捗変化\n50%(6/12)→80%(10/12)→達成(12/12)
Bw7	敵北方艦隊主力を撃滅せよ！	北方海域の深部に出撃し、敵北方艦隊の主力艦隊を捕捉、これを撃滅せよ！\n\n※編成自由の艦隊とし\n・(3-3) アルフォンシーノ方面\n・(3-4) 北方海域全域\n・(3-5) 北方AL海域\nより任意のボス戦の組み合わせで5回B勝利以上で達成\n\n※任務進捗変化\n50%(3/5)→80%(4/5)→達成(5/5)\n\n(※3-1、3-2は達成条件に含まれない)
Bw8	敵東方中枢艦隊を撃破せよ！	西方海域カスガダマ島沖に出撃し、敵東方中枢艦隊を捕捉、これを撃破せよ！\n\n※編成自由の艦隊とし\n・(4-4) カスガダマ島\nボス戦を1回B勝利以上で達成
Bw9	南方海域珊瑚諸島沖の制空権を握れ！	南方海域珊瑚諸島沖に出撃し、敵機動部隊本体を撃滅、これに完全勝利せよ！\n\n※編成自由の艦隊とし\n・(5-2) 珊瑚諸島沖\nボス戦を2回S勝利で達成
Bw10	海上輸送路の安全確保に努めよ！	鎮守府正面の対潜哨戒を反復実施し、安全な海上輸送路を確保せよ！\n\n※編成自由の艦隊とし\n・(1-5) 鎮守府近海\nボス戦を3回A勝利以上で達成\n\n※任務進捗変化\n(1/3)→50%(2/3)→達成(3/3)
Bm1	「第五戦隊」出撃せよ！	「第五戦隊」は沖ノ島沖の戦闘哨戒を実施、敵艦隊主力を捕捉、これを撃滅せよ！\n\n※「第五戦隊」(「妙高」+「那智」+「羽黒」)3隻+自由枠3隻とし\n・(2-5) 沖ノ島沖\nボス戦を1回S勝利で達成
Bm2	「潜水艦隊」出撃せよ！	潜水艦戦力を中核とした艦隊で中部海域哨戒線へ反復出撃、敵戦力を漸滅せよ！\n\n※編成自由の艦隊とし\n・(6-1) 中部海域哨戒線\nボス戦を3回S勝利で達成\n\n※ボス到達可能な編成で任務が進行しないケースは確認されていない\n\n(※同名の別任務(B17)「潜水艦隊」出撃せよ！があるがまったく関係ない)
Bm3	「水雷戦隊」南西へ！	軽巡旗艦の水雷戦隊(軽巡最大3隻他駆逐艦)を急派、南西諸島防衛線で敵を撃滅せよ！\n\n※軽巡1～3隻(旗艦指定で1隻は必須)＋駆逐3～5隻からなる(軽巡/駆逐)のみの編成とし\n・(1-4) 南西諸島防衛線\nボス戦を1回S勝利で達成
Bm4	「水上打撃部隊」南方へ！	戦艦3隻軽巡1隻他を基幹とした水上打撃部隊で南方海域へ進出、敵艦隊を撃滅せよ！\n\n※(「大和型」「長門型」「伊勢型」「扶桑型」)より3隻+軽巡1隻+自由枠2隻とし\n・(5-1) 南方海域前面\nボス戦を1回S勝利で達成\n\n※戦艦枠：大和型、長門型、伊勢型、扶桑型\n\n※自由枠扱いの戦艦：金剛型、海外戦艦（(低速)戦艦の「Colorado」「Warspite」「Nelson」も自由枠扱いになる）
Bm5	海上護衛強化月間	鎮守府正面海域の対潜哨戒を強化し、敵潜水艦を制圧、安全な海上輸送体制を確立せよ！\n\n※編成自由の艦隊とし\n・(1-5) 鎮守府近海\nボス戦を10回A勝利以上で達成
Bm6	「空母機動部隊」西へ！	航空母艦2隻(随伴駆逐艦2隻)を基幹とする空母機動部隊で、カレー洋の敵艦隊を撃滅せよ！\n\n※航空母艦2隻+駆逐2隻+自由枠2隻とし\n・(4-2) カレー洋海域\nボス戦を1回S勝利で達成
Bm7	「水上反撃部隊」突入せよ！	駆逐艦を旗艦とした重巡1隻(航巡不可)軽巡1隻駆逐艦4隻からなる水上挺身部隊、沖ノ島沖に突入せよ！\n\n※旗艦「駆逐艦」+重巡1隻+軽巡1隻+駆逐3隻とし\n・(2-5) 沖ノ島沖\nボス戦を1回S勝利で達成\n\n(※A46と異なり、「霞」・「足柄」を編成に含めなくても良い)
Bm8	兵站線確保！海上警備を強化実施せよ！	海上警備任務：軽空母または軽巡級1隻、駆逐艦または海防艦を計3隻以上配備した海上護衛艦隊で、南西諸島沖警備、海上護衛作戦、南1号作戦、南西諸島哨戒を実施、各作戦海域の敵を撃滅せよ！\n\n※(軽空母/軽巡級)1隻+(駆逐/海防)3隻+自由枠2隻とし\n・(1-2) 南西諸島沖\n・(1-3) 製油所地帯沿岸\n・(1-4) 南西諸島防衛線\n・(2-1) 南西諸島近海\nボス戦を各1回S勝利で達成\n\n※任務進捗変化\n50%(2/4)→80%(3/4)→達成(4/4)
Bq1	沖ノ島海域迎撃戦	有力な艦隊を沖ノ島海域前面に反復投入、侵攻する敵機動部隊を迎撃、これを撃滅せよ！\n\n※編成自由の艦隊とし\n・(2-4) 沖ノ島海域\nボス戦を2回S勝利で達成\n\n※任務進捗変化\n50%(1/2)→達成(2/2)
Bq2	戦果拡張任務！「Z作戦」前段作戦	戦果拡張作戦:我が第一艦隊に精鋭艦艇を集中配備、同精鋭艦隊を以て、南西諸島の沖ノ島海域、中部海域哨戒線、グアノ環礁沖の敵艦隊を撃破、中部北海域ピーコック島の敵戦力を破砕殲滅せよ！\n\n※編成自由の第一艦隊とし\n・(2-4) 沖ノ島海域\n・(6-1) 中部海域哨戒線\n・(6-3) グアノ環礁沖海域\nボス戦を各1回A勝利以上\n・(6-4) 中部北海域ピーコック島沖\nボス戦を1回S勝利で達成\n\n※任務進捗変化\n50%(2/4)→80%(3/4)→達成(4/4)
Bq3	強行輸送艦隊、抜錨！	航路護衛任務：航空戦艦(または補給艦でも可)2隻を中核とした艦隊で、鎮守府近海航路における輸送船団護衛作戦を実施。同輸送作戦を2回成功させよ！\n\n※(航戦/補給艦)2隻+自由枠4隻とし\n・(1-6) 鎮守府近海航路\n2回クリア(ゴール地点へ到達)で達成\n\n※任務進捗変化\n50%(1/2)→達成(2/2)
Bq4	前線の航空偵察を実施せよ！	偵察任務：水上機母艦1隻と軽巡2隻を中核とした偵察艦隊を、中部海域グアノ環礁沖海域に展開、航空偵察作戦「K作戦」を反復実施せよ！さらに同方面の敵艦隊を捕捉、敵戦力の撃破に務めよ！\n\n※水母1隻+軽巡2隻+自由枠3隻とし\n・(6-3) グアノ環礁沖海域\nボス戦を2回A勝利以上で達成\n\n※任務進捗変化\n50%(1/2)→達成(2/2)
Bq5	北方海域警備を実施せよ！	北方海域警備任務：北方海域の警備を実施する。軽巡を1隻以上含む艦隊で、北方海域モーレイ海、キス島沖、アルフォンシーノ方面の艦隊を展開、北方海域方面の警備と制海権確保に努めよ！\n\n※軽巡1隻+自由枠5隻とし\n・(3-1) モーレイ海\n・(3-2) キス島沖\n・(3-3) アルフォンシーノ方面\nボス戦を各1回A勝利以上で達成\n\n※任務進捗変化\n50%(1/3)→80%(2/3)→達成(3/3)
Bq6	精鋭「三一駆」、鉄底海域に突入せよ！	強行東京急行任務：精鋭「三一駆」第一小隊を護衛戦力とした突入艦隊を編成、南方サーモン海域に投入、鉄底海峡に突入し同海域に展開する敵艦艇を実力で排除、強行鼠輸送作戦を反復完遂せよ!\n\n※「長波改二」+(「高波改」「沖波改」「朝霜改」)より1隻+自由枠4隻とし\n・(5-4) サーモン海域\nボス戦を2回S勝利で達成\n\n※任務進捗変化\n50%(1/2)→達成(2/2)
Bq7	新編成「三川艦隊」、鉄底海峡に突入せよ！	鉄底海峡戦果拡張：「鳥海」「青葉」「衣笠」「加古」「古鷹」「天龍」「夕張」の中から4隻を含む突入艦隊を編成。南方海域前面及びサブ島沖海域、サーモン海域に突入、敵艦隊を撃滅せよ！\n\n※(「鳥海」「青葉」「衣笠」「加古」「古鷹」「天龍」「夕張」)より4隻+自由枠2隻とし\n・(5-1) 南方海域前面\n・(5-3) サブ島沖海域\n・(5-4) サーモン海域\nボス戦を各1回S勝利で達成\n\n\n※任務進捗変化\n50%(1/3)→80%(2/3)→達成(3/3)
Bq8	泊地周辺海域の安全確保を徹底せよ！	泊地近海警戒戦果拡張：有力な泊地哨戒部隊を編成、鎮守府近海、ブルネイ泊地沖、タウイタウイ泊地沖に反復出撃！各周辺海域に出没する敵潜を制圧、さらに泊地周辺の脅威となる敵戦力を捕捉撃滅せよ！\n\n※編成自由の艦隊とし\n・(1-5) 鎮守府近海\n・(7-1) ブルネイ泊地沖\n・(7-2-1/G) タウイタウイ泊地沖\n・(7-2-2/M) タウイタウイ泊地沖深部\nボス戦を各3回S勝利で達成\n\n※任務進捗変化\n(同一箇所3回達成を1単位として)\n50%(2/4)→80%(3/4)→達成(4/4)
Bq9	空母戦力の投入による兵站線戦闘哨戒	空母を含む有力な哨戒艦隊を編成、製油所地帯沿岸、南西諸島防衛線、南西諸島近海、バシー海峡及び東部オリョール海を戦闘哨戒、各海域の敵艦隊を捕捉撃滅、各海域兵站線の安全を確保せよ！\n\n※航空母艦1隻+自由枠5隻とし\n・(1-3) 製油所地帯沿岸\n・(1-4) 南西諸島防衛線\n・(2-1) 南西諸島近海\n・(2-2) バシー海峡\n・(2-3) 東部オリョール海\nボス戦を各1回S勝利で達成\n\n※任務進捗変化\n50%(3/5)→80%(4/5)→達成(5/5)
Bq10	戦果拡張任務！「Z作戦」後段作戦	戦果拡張作戦：我が第一艦隊に精鋭艦艇を集中配備、同精鋭艦隊を以て、南西海域タウイタウイ泊地沖、南方海域サーモン海域北方、中部海域MS諸島沖及びKW環礁沖海域の敵艦隊を捕捉、これを撃滅せよ！\n\n※編成自由の第一艦隊とし\n・(7-2-2/M) タウイタウイ泊地沖深部\n・(5-5) サーモン海域北方\n・(6-2) MS諸島沖\n・(6-5) KW環礁沖海域\nボス戦を各1回S勝利で達成\n\n※任務進捗変化\n50%(2/4)→80%(3/4)→達成(4/4)
Bq11	南西諸島方面「海上警備行動」発令！	海上警備任務：軽空母または軽巡級1隻、駆逐艦または海防艦を計3隻以上配備した海上護衛艦隊で、南1号作戦、南西諸島哨戒、柳作戦、オリョール哨戒を実施、各作戦海域に出没する敵を撃滅せよ！\n\n※(軽空母/軽巡級)1隻+(駆逐/海防艦)3隻+自由枠2隻とし\n・(1-4) 南西諸島防衛線\n・(2-1) 南西諸島近海\n・(2-2) バシー海峡\n・(2-3) 東部オリョール海\nボス戦を各1回S勝利で達成\n\n※任務進捗変化\n50%(2/4)→80%(3/4)→達成(4/4)
Bq12	発令！「西方海域作戦」	大規模出撃任務：「西方海域作戦」が発令された！有力な艦隊を編成し、西方海域全海域に出撃、同海域に展開する敵戦力を完全撃破、これを殲滅せよ！艦隊、西へ！\n\n※編成自由の艦隊とし\n・(4-1) ジャム島沖\n・(4-2) カレー洋海域\n・(4-3) リランカ島\n・(4-4) カスガダマ島\n・(4-5) カレー洋リランカ島沖\nボス戦を各1回S勝利で達成\n\n※任務進捗変化\n50%(3/5)→80%(4/5)→達成(5/5)
Bq13	拡張「六水戦」、最前線へ！	軽巡「夕張改二」型の旗艦に随伴第六水雷戦隊駆逐艦2隻以上または「由良改二」を含む艦隊で、南方海域前面、南方サーモン海域、中部北海域ピーコック島沖、中部KW環礁沖海域に展開、敵戦力を撃滅せよ！\n\n※旗艦「夕張改二/改二特/改二丁」\n+随伴艦(「睦月」「如月」「弥生」「卯月」「菊月」「望月」)より2隻+自由枠3隻\nまたは\n+随伴艦「由良改二」+自由枠4隻とし\n・(5-1) 南方海域前面\n・(5-4) サーモン海域\n・(6-4) 中部北海域ピーコック島沖\n・(6-5) KW環礁沖海域\nボス戦を各1回S勝利で達成\n\n※任務進捗変化\n50%(2/4)→80%(3/4)→達成(4/4)
By13	精強「第七駆逐隊」緊急出動！	第七駆逐隊出撃任務：全艦一次改装以上の第七駆逐隊4隻を含む艦隊で、南西諸島沖海域、製油所地帯沿岸、鎮守府近海、北方海域キス島沖を哨戒、敵戦力を捕捉、これを撃破せよ！\n\n※「朧改」＋「漣改」＋「曙改」＋「潮改」(曙、潮はそれぞれ改二でも可)+自由枠2隻とし、\n・(1-2) 南西諸島沖\n・(1-3) 製油所地帯沿岸\n・(1-5) 鎮守府近海\n・(3-2) キス島沖\nのボス戦を各1回A勝利以上で達成。\n\n※任務進捗変化\n？→？→？
By1	精鋭「十九駆」、躍り出る！	改装特II型駆逐艦「綾波改二」及び同「敷波改二」を含む精鋭艦隊を前線に投入、南西諸島海域沖ノ島沖、北方海域全域、西方海域カレー洋リランカ島沖、南方サブ島沖海域に展開、各敵主力を捕捉撃滅せよ！\n\n※「綾波改二」+「敷波改二」+自由枠4隻とし\n・(2-5) 沖ノ島沖\n・(3-4) 北方海域全域\n・(4-5) カレー洋リランカ島沖\n・(5-3) サブ島沖海域\nボス戦を各1回S勝利で達成\n\n※任務進捗変化\n50%(2/4)→80%(3/4)→達成(4/4)
By2	「海防艦」、海を護る！	海防艦3隻を含む5隻以下の海上護衛隊を、鎮守府海域に展開。鎮守府正面海域、南西諸島沖海域、製油所地帯沿岸、鎮守府近海、鎮守府近海航路の各海域の安全確保と対潜掃蕩を図れ！海防艦戦隊、抜錨せよ！\n\n※海防艦3隻+自由枠2隻の5隻以下の編成とし\n　・(1-1) 鎮守府正面海域\n　・(1-2) 南西諸島沖\n　・(1-3) 製油所地帯沿岸\n　・(1-5) 鎮守府近海\n　ボス戦を各1回A勝利以上\n及び\n　・(1-6) 鎮守府近海航路\n　1回クリア(ゴール地点へ到達)\nで達成\n\n※任務進捗変化\n50%(3/5)→80%(4/5)→達成(5/5)
By3	工作艦「明石」護衛任務	工作艦護衛任務：旗艦に工作艦「明石」、護衛の駆逐艦3隻以上で製油所地帯沿岸、鎮守府近海航路、南西諸島近海、バシー海峡、東部オリョール海に展開。「明石」を護衛、同海域での作戦を成功させよ！\n\n※旗艦「明石」+駆逐艦3隻+自由枠2隻とし\n　・(1-3) 製油所地帯沿岸\n　・(2-1) 南西諸島近海\n　・(2-2) バシー海峡\n　・(2-3) 東部オリョール海\n　ボス戦を各1回A勝利以上\n及び\n　・(1-6) 鎮守府近海航路\n　1回クリア(ゴール地点へ到達)\nで達成\n\n※任務進捗変化\n50%(3/5)→80%(4/5)→達成(5/5)
By4	重巡戦隊、西へ！	重巡(航空巡洋艦含まず)3隻以上、駆逐艦1隻以上を中核とした艦隊を編成。同艦隊を西方に展開。西方海域ジャム島沖、カレー洋海域、リランカ島、カスガダマ島の敵戦力と交戦、これを撃破せよ！\n\n※重巡(航巡不可)3隻+駆逐艦1隻+自由枠2隻とし\n・(4-1) ジャム島沖\n・(4-2) カレー洋海域\n・(4-3) リランカ島\n・(4-4) カスガダマ島\nボス戦を各1回A勝利以上で達成\n\n※任務進捗変化\n50%(2/4)→80%(3/4)→達成(4/4)
By11	日英米合同水上艦隊、抜錨せよ！	米英艦艇3隻以上を含む空母を伴わない艦隊で、北方海域モーレイ海及びアルフォンシーノ方面、西方海域リランカ島、南西海域ペナン島沖深部を哨戒、敵戦力を捕捉、これを撃破せよ！\n\n※航空母艦タブ内の艦の編成不可。\n(米艦娘/英艦娘)3隻+自由枠3隻とし\n・(3-1) モーレイ海\n・(3-3) アルフォンシーノ方面\n・(4-3) リランカ島\n・(7-3-2/P) ペナン島沖深部\nのボス戦を各1回A勝利？で達成\n\n※任務進捗変化\n50%(2/4)→80%(3/4)→達成(4/4)
By12	精鋭「第十九駆逐隊」、全力出撃！	精鋭第十九駆逐隊「磯波改二」「浦波改二」「綾波改二」「敷波改二」を含む艦隊で、鎮守府近海、南西諸島東部オリョール海、北方キス島沖、南方サブ島沖海域に出撃！敵艦隊を捕捉撃滅せよ！\n\n※「磯波改二」+「浦波改二」+「綾波改二」+「敷波改二」+自由枠2隻とし\n・(1-5) 鎮守府近海\n・(2-3) 東部オリョール海\n・(3-2) キス島沖\n・(5-3) サブ島沖海域\nのボス戦を各1回S勝利？で達成\n\n※任務進捗変化\n50%(2/4)→80%(3/4)→達成(4/4)
By6	鎮守府近海海域の哨戒を実施せよ！	旗艦に「重巡洋艦」または「駆逐艦」、随伴に「駆逐艦・海防艦」より旗艦含めず3隻以上(他自由)の艦隊で、南西諸島沖、製油所地帯沿岸、南西諸島防衛線へ反復出撃！敵艦隊の撃破に努めよ！\n\n※旗艦(重巡/駆逐艦)+(駆逐艦/海防艦)3隻+自由枠2隻とし\n・(1-2) 南西諸島沖\n・(1-3) 製油所地帯沿岸\n・(1-4) 南西諸島防衛線\nのボス戦を各2回A勝利以上で達成\n\n※任務進捗変化\n(同一海域2回達成を1単位として)\n50%(1/3)→80%(2/3)→達成(3/3)
By7	南西方面の兵站航路の安全を図れ！	旗艦に「軽巡・練巡・駆逐艦」、随伴に「駆逐艦・海防艦」より旗艦含めず3隻以上(他自由)の艦隊で、反復出撃！鎮守府近海、南西諸島近海、鎮守府近海航路の安全確保と対潜掃蕩を図れ！\n\n※旗艦(軽巡/練巡/駆逐艦)+(駆逐艦/海防艦)3隻+自由枠2隻とし\n　・(1-5) 鎮守府近海\n　・(2-1) 南西諸島近海\n　のボス戦を各2回A勝利以上\n及び\n　・(1-6) 鎮守府近海航路\n　を2回クリア(ゴール地点へ到達)\nで達成\n\n※任務進捗変化\n(同一海域2回達成を1単位として)\n50%(1/3)→80%(2/3)→達成(3/3)
By8	空母機動部隊、出撃！敵艦隊を迎撃せよ！	旗艦に「航空母艦」、随伴に「重巡洋艦・航空巡洋艦」から2隻以上(他自由)の機動部隊を編成。バシー海峡、東部オリョール海、沖ノ島海域へ展開！敵艦隊主力を捕捉、これを撃滅せよ！\n\n※旗艦 航空母艦+重巡級2隻+自由枠3隻とし\n・(2-2) バシー海峡\n・(2-3) 東部オリョール海\n・(2-4) 沖ノ島海域\nのボス戦を各1回S勝利で達成\n\n※任務進捗変化\n50%(1/3)→80%(2/3)→達成(3/3)
By9	AL作戦	軽空母2隻を基幹とした艦隊を編成、北方海域モーレイ海、アルフォンシーノ方面、北方海域全域、北方AL海域へ展開！AL方面へと至るこれらの北方海域で敵主力を積極攻撃、これを撃滅せよ！\n\n※軽空母2隻+自由枠4隻とし\n・(3-1) モーレイ海\n・(3-3) アルフォンシーノ方面\n・(3-4) 北方海域全域\n・(3-5) 北方AL海域\nのボス戦をを各1回S？勝利で達成\n\n※任務進捗変化\n50%(2/4)→80%(3/4)→達成(4/4)
By10	機動部隊決戦	旗艦に「航空母艦」を編成した第一艦隊で、珊瑚諸島沖、サーモン海域北方、KW環礁沖海域へ反復出撃、敵主力を撃滅！さらに中部北海域ピーコック島沖へも反復展開、敵戦力を撃破せよ！\n\n※第一艦隊 旗艦 航空母艦+自由枠5隻とし\n　・(5-2) 珊瑚諸島沖\n　・(5-5) サーモン海域北方\n　・(6-5) KW環礁沖海域\n　のボス戦を各2回S勝利\n及び\n　・(6-4) 中部北海域ピーコック島沖\n　のボス戦を2回A勝利以上\nで達成\n\n※任務進捗変化\n(同一海域2回達成を1単位として)\n50%(2/4)→80%(3/4)→達成(4/4)
By5	歴戦「第十方面艦隊」、全力出撃！	重巡「羽黒」「足柄」「妙高」「高雄」、駆逐艦「神風」のうち2隻以上を含む精強な艦隊を編成！マラッカ海峡ペナン島沖深部、タウイタウイ泊地沖深部、西方カレー洋海域に反復出撃！敵を撃滅せよ！\n\n※(「羽黒」「足柄」「妙高」「高雄」「神風」)より2隻+自由枠4隻とし\n・(7-3-2/P) ペナン島沖深部\n・(7-2-2/M) タウイタウイ泊地沖深部\n・(4-2) カレー洋海域\nのボス戦を各2回S勝利で達成\n\n※任務進捗変化\n(同一箇所2回達成を1単位として)\n50%(1/3)→80%(2/3)→達成(3/3)